ResponseId,EndDate,team_name,themes,Issue,Month.1,Month.2,Month.3,Month.4,Month.5,Month.6,Month.7,Month.8,Month.9,Month.10,Month.11,Month.12,confidence,subexpert,pub,basis,numpred_4,covidcondyn,covidmeas,covidest_1,covidest_2,covidest_3,covidest_4,covidest_5,covidest_6,covidest_7,covidest_8,covidest_9,covidest_10,covidest_11,covidest_12,Method
R_1IgsGFMZYhVCPXU,4/23/2020 10:54,ms607,"1,2,4,5",lifesat,6.24,6.26,6.22,6.24,6.27,6.26,6.28,6.32,6.3,6.35,6.36,6.34,3,5,2,"1,2",1,1,4,55000,65000,68000,70000,72000,73000,73500,74000,75000,75500,76000,76500,Intuition/Theory
R_1IgsGFMZYhVCPXU,4/23/2020 10:54,ms607,"1,2,4,5",posaffect,-1.2,-1.1,-1.3,-0.97,-0.95,-1.1,-0.95,-1.2,-0.9,-1.1,-0.8,-1.2,2,2,2,1,1,1,4,55000,65000,68000,72000,74000,75000,75500,76000,76500,77000,77500,78000,Intuition/Theory
R_1IgsGFMZYhVCPXU,4/23/2020 10:54,ms607,"1,2,4,5",negaffect,0.77,0.86,0.8,0.91,1.03,0.9,0.96,0.99,0.87,0.96,1.06,0.95,2,2,2,1,1,1,4,55000,65000,68000,72000,74000,75000,75500,76000,76500,77000,77500,78000,Intuition/Theory
R_1IgsGFMZYhVCPXU,4/23/2020 10:54,ms607,"1,2,4,5",polar,75,80,77,79,81,75,82,85,80,77,83,85,2,2,2,1,1,1,4,55000,65000,68000,72000,75000,76000,76500,77000,77500,78000,78500,79000,Intuition/Theory
R_1IgsGFMZYhVCPXU,4/23/2020 10:54,ms607,"1,2,4,5",iasian,0.6,0.55,0.48,0.52,0.35,0.4,0.52,0.41,0.49,0.39,0.49,0.52,3,2,2,1,1,1,4,55000,65000,68000,72000,74000,75000,75500,76000,76500,77000,775000,78000,Intuition/Theory
R_3Opn01NyerOFmAe,4/24/2020 18:12,Forecasting Team 1,1,lifesat,6.5,6.5,6.5,6.5,6.5,6.5,6.5,6.5,6.5,6.5,6.5,6.5,4,6,2,"1,2",NA,2,NA,NA,NA,NA,NA,NA,NA,NA,NA,NA,NA,NA,NA,Intuition/Theory
R_3D5hhCqsvLNisbo,4/26/2020 0:47,ab,3,ideolrep,40,40,40,40,40,40,40,40,40,40,40,40,1,1,2,5,NA,NA,NA,NA,NA,NA,NA,NA,NA,NA,NA,NA,NA,NA,NA,Data-Driven
R_3D5hhCqsvLNisbo,4/26/2020 0:47,ab,3,ideoldem,42,42,42,42,42,42,42,42,42,42,42,42,1,1,2,5,NA,NA,NA,NA,NA,NA,NA,NA,NA,NA,NA,NA,NA,NA,NA,Data-Driven
R_2UgadrXE2OiyQIB,4/27/2020 3:59,TheMets,"1,2,3,4,5,6,7,8,9,10",lifesat,6.362,6.387,6.362,6.387,6.362,6.387,6.362,6.387,6.362,6.387,6.362,6.387,3,2,2,5,NA,2,NA,NA,NA,NA,NA,NA,NA,NA,NA,NA,NA,NA,NA,Data-Driven
R_2UgadrXE2OiyQIB,4/27/2020 3:59,TheMets,"1,2,3,4,5,6,7,8,9,10",posaffect,-0.973,-0.972,-0.973,-0.972,-0.973,-0.972,-0.973,-0.972,-0.973,-0.972,-0.973,-0.972,3,2,2,5,NA,2,NA,NA,NA,NA,NA,NA,NA,NA,NA,NA,NA,NA,NA,Data-Driven
R_2UgadrXE2OiyQIB,4/27/2020 3:59,TheMets,"1,2,3,4,5,6,7,8,9,10",negaffect,0.973,0.955,0.973,0.955,0.973,0.955,0.973,0.955,0.973,0.955,0.973,0.955,3,2,2,5,NA,2,NA,NA,NA,NA,NA,NA,NA,NA,NA,NA,NA,NA,NA,Data-Driven
R_2UgadrXE2OiyQIB,4/27/2020 3:59,TheMets,"1,2,3,4,5,6,7,8,9,10",ideolrep,36.7,36.5,36.7,36.5,36.7,36.5,36.7,36.5,36.7,36.5,36.7,36.5,3,2,2,5,NA,2,NA,NA,NA,NA,NA,NA,NA,NA,NA,NA,NA,NA,NA,Data-Driven
R_2UgadrXE2OiyQIB,4/27/2020 3:59,TheMets,"1,2,3,4,5,6,7,8,9,10",ideoldem,43.3,42.8,43.3,42.8,43.3,42.8,43.3,42.8,43.3,42.8,43.3,42.8,3,2,2,5,NA,2,NA,NA,NA,NA,NA,NA,NA,NA,NA,NA,NA,NA,NA,Data-Driven
R_2UgadrXE2OiyQIB,4/27/2020 3:59,TheMets,"1,2,3,4,5,6,7,8,9,10",polar,78.3,78,78.3,78,78.3,78,78.3,78,78.3,78,78.3,78,3,2,2,5,NA,2,NA,NA,NA,NA,NA,NA,NA,NA,NA,NA,NA,NA,NA,Data-Driven
R_2UgadrXE2OiyQIB,4/27/2020 3:59,TheMets,"1,2,3,4,5,6,7,8,9,10",iasian,0.407,0.38,0.407,0.38,0.407,0.38,0.407,0.38,0.407,0.38,0.407,0.38,3,2,2,5,NA,2,NA,NA,NA,NA,NA,NA,NA,NA,NA,NA,NA,NA,NA,Data-Driven
R_2UgadrXE2OiyQIB,4/27/2020 3:59,TheMets,"1,2,3,4,5,6,7,8,9,10",easian,-0.034,-0.044,-0.034,-0.044,-0.034,-0.044,-0.034,-0.044,-0.034,-0.044,-0.034,-0.044,3,2,2,5,NA,2,NA,NA,NA,NA,NA,NA,NA,NA,NA,NA,NA,NA,NA,Data-Driven
R_2UgadrXE2OiyQIB,4/27/2020 3:59,TheMets,"1,2,3,4,5,6,7,8,9,10",iafric,0.33,0.304,0.33,0.304,0.33,0.304,0.33,0.304,0.33,0.304,0.33,0.304,3,2,2,5,NA,2,NA,NA,NA,NA,NA,NA,NA,NA,NA,NA,NA,NA,NA,Data-Driven
R_2UgadrXE2OiyQIB,4/27/2020 3:59,TheMets,"1,2,3,4,5,6,7,8,9,10",eafric,-0.042,-0.039,-0.042,-0.039,-0.042,-0.039,-0.042,-0.039,-0.042,-0.039,-0.042,-0.039,3,2,2,5,NA,2,NA,NA,NA,NA,NA,NA,NA,NA,NA,NA,NA,NA,NA,Data-Driven
R_2UgadrXE2OiyQIB,4/27/2020 3:59,TheMets,"1,2,3,4,5,6,7,8,9,10",igend,0.381,0.359,0.381,0.359,0.381,0.359,0.381,0.359,0.381,0.359,0.381,0.359,3,2,2,5,NA,2,NA,NA,NA,NA,NA,NA,NA,NA,NA,NA,NA,NA,NA,Data-Driven
R_2UgadrXE2OiyQIB,4/27/2020 3:59,TheMets,"1,2,3,4,5,6,7,8,9,10",egend,0.872,0.811,0.872,0.811,0.872,0.811,0.872,0.811,0.872,0.811,0.872,0.811,3,2,2,5,NA,2,NA,NA,NA,NA,NA,NA,NA,NA,NA,NA,NA,NA,NA,Data-Driven
R_2ZZyRqUPQ41Rcxl,4/27/2020 9:16,AhamBrahamasmi,"1,2,3,4,5,6,7,8,9,10",lifesat,5,7,6,7,6,4,5,4,5,6,6,5,5,1,2,1,NA,1,6,NA,NA,NA,NA,NA,NA,NA,NA,NA,NA,NA,NA,Intuition/Theory
R_22JuVmmGmu5qWDO,4/27/2020 17:02,C-Team,1,lifesat,6.361402543,6.361402543,6.361402543,6.361402543,6.361402543,6.361402543,6.361402543,6.361402543,6.361402543,6.361402543,6.361402543,6.361402543,2,6,1,"1,4",0,2,NA,NA,NA,NA,NA,NA,NA,NA,NA,NA,NA,NA,NA,Mixed
R_sRueTBbGYDURxcd,4/28/2020 9:57,Cascade Institute,"1,3,4",lifesat,6.5,6.5,6.5,6.5,6.4,6.4,6.4,6.4,6.4,6.4,6.4,6.4,2,5,2,"1,4",2,1,5,NA,NA,NA,NA,NA,NA,NA,NA,NA,NA,NA,NA,Mixed
R_2D7zcSqrVUj0sRy,4/30/2020 11:30,1859 revised,"9,10",igend,0.451177879,0.469998446,0.487400661,0.423151182,0.31531267,0.343069661,0.33070048,0.41393489,0.346445309,0.325965101,0.360973853,0.340531937,3,2,2,4,0,2,NA,NA,NA,NA,NA,NA,NA,NA,NA,NA,NA,NA,NA,Data-Driven
R_2D7zcSqrVUj0sRy,4/30/2020 11:30,1859 revised,"9,10",egend,1.044475889,1.099706219,1.119752566,0.988002172,0.749377594,0.7869409,0.735167352,0.875315333,0.792546715,0.729221432,0.82819675,0.801135271,2,2,2,4,0,2,NA,NA,NA,NA,NA,NA,NA,NA,NA,NA,NA,NA,NA,Data-Driven
R_WASIBllES8jF0t3,4/30/2020 13:55,R4VST9 - Revised,5,iasian,0.55,0.56,0.57,0.58,0.59,0.6,0.65,0.5,0.35,0.33,0.32,0.31,5,4,1,"1,5",NA,1,5,1200000,1350000,1500000,1600000,1700000,1800000,2000000,2300000,2600000,2900000,3100000,3000000,Mixed
R_1C41iSRHRcK8H7i,5/1/2020 14:30,Mr Muddle ,6,easian,0.2,0.25,0.28,0.29,0.25,0.3,0.32,0.25,0.22,0.2,0.18,0.15,5,5,2,"1,2",3,1,5,2000000,3000000,4000000,4500000,5000000,5250000,5500000,5750000,5850000,5900000,5901000,5901000,Intuition/Theory
R_3lzeKBOZqIExUsr,5/5/2020 10:51,polarization-2020CO,"1,4,5,6",lifesat,6.29,6.29,6.31,6.33,6.33,6.36,6.34,6.35,6.36,6.4,6.39,6.4,4,6,1,1,NA,NA,NA,NA,NA,NA,NA,NA,NA,NA,NA,NA,NA,NA,NA,Intuition/Theory
R_3lzeKBOZqIExUsr,5/5/2020 10:51,polarization-2020CO,"1,4,5,6",polar,84,85,86,84,85,83,82,81,83,81,82,82,5,4,2,1,NA,1,NA,NA,NA,NA,NA,NA,NA,NA,NA,NA,NA,NA,NA,Intuition/Theory
R_3lzeKBOZqIExUsr,5/5/2020 10:51,polarization-2020CO,"1,4,5,6",iasian,0.6,0.7,0.65,0.63,0.65,0.65,0.6,0.55,0.57,0.55,0.53,0.55,5,4,2,1,NA,NA,NA,NA,NA,NA,NA,NA,NA,NA,NA,NA,NA,NA,NA,Intuition/Theory
R_3lzeKBOZqIExUsr,5/5/2020 10:51,polarization-2020CO,"1,4,5,6",easian,0.18,0.18,0.16,0.17,0.13,0.1,0.11,0.09,0.07,0.08,0.07,0.07,4,4,2,1,NA,1,NA,NA,NA,NA,NA,NA,NA,NA,NA,NA,NA,NA,NA,Intuition/Theory
R_DAEDt5Ai3qF481z,5/5/2020 11:03,Seaside,"1,4",lifesat,6.3,6.25,6.2,6.15,6.15,6.15,6.15,6.15,6.2,6.25,6.3,6.35,5,9,1,2,1,1,5,NA,NA,NA,NA,NA,NA,NA,NA,NA,NA,NA,NA,Intuition/Theory
R_1MSUHSwe1zPiuOQ,5/7/2020 15:04,CarrNCUSA,"1,3",lifesat,6.3,6.45,6.49,6.49,6.45,6.46,6.43,6.48,6.4,6.41,6.43,6.46,4,5,1,"1,4",0,2,NA,NA,NA,NA,NA,NA,NA,NA,NA,NA,NA,NA,NA,Mixed
R_1MSUHSwe1zPiuOQ,5/7/2020 15:04,CarrNCUSA,"1,3",ideolrep,41.3,40.6,40.59387,40.59382,40.59382,40.59382,40.59382,40.59382,40.59382,40.59382,40.59382,40.59382,5,5,1,4,0,2,NA,NA,NA,NA,NA,NA,NA,NA,NA,NA,NA,NA,NA,Data-Driven
R_1MSUHSwe1zPiuOQ,5/7/2020 15:04,CarrNCUSA,"1,3",ideoldem,48.7,48.5,48.53922,48.53153,48.53303,48.53274,48.5328,48.53278,48.53279,48.53279,48.53279,48.53279,5,5,1,4,0,2,NA,NA,NA,NA,NA,NA,NA,NA,NA,NA,NA,NA,NA,Data-Driven
R_2WB8J6PdmAAQGbM,5/9/2020 9:07,Little Bear,4,polar,85,85,78,82,80,90,95,95,95,95,90,85,3,5,1,1,2,1,4,30000,40000,45000,60000,70000,75000,78000,80000,85000,90000,91000,95000,Intuition/Theory
R_2RWFd9H3z37Yqmb,5/9/2020 9:08,Foxtrot,4,polar,80,80,80,85,85,90,80,80,80,80,80,80,3,9,1,"1,2,5",3,2,NA,NA,NA,NA,NA,NA,NA,NA,NA,NA,NA,NA,NA,Mixed
R_3nJlV17e4so1J8U,5/10/2020 17:38,Old Chickens,"1,3,4,7",lifesat,6,6.1,6.2,6.3,6.4,6.45,6.491453324,6.496176655,6.50105743,6.505938205,6.510346647,6.515227422,2,2,2,"2,4",0,2,NA,NA,NA,NA,NA,NA,NA,NA,NA,NA,NA,NA,NA,Mixed
R_3nJlV17e4so1J8U,5/10/2020 17:38,Old Chickens,"1,3,4,7",ideolrep,38.14050106,38.29213901,38.43888541,38.94213668,40.02345615,40.73228184,42.28784731,40.1551006,39.33892999,39.49056794,39.62753124,39.77916919,4,9,1,"1,4",0,2,NA,NA,NA,NA,NA,NA,NA,NA,NA,NA,NA,NA,NA,Mixed
R_3nJlV17e4so1J8U,5/10/2020 17:38,Old Chickens,"1,3,4,7",ideoldem,43.60695583,43.69154537,43.77340621,44.52370772,46.37584803,47.88992008,48.05855248,47.25694823,46.39644324,45.69618755,44.82008803,44.5210686,4,9,1,"1,4",0,2,NA,NA,NA,NA,NA,NA,NA,NA,NA,NA,NA,NA,NA,Mixed
R_3nJlV17e4so1J8U,5/10/2020 17:38,Old Chickens,"1,3,4,7",polar,90.69249131,91.51557298,92.2724732,93.15053768,93.53956595,94.03108868,94.42002221,94.70431336,94.88517019,94.96699941,94.95717955,94.86568609,4,6,1,"1,4",0,2,NA,NA,NA,NA,NA,NA,NA,NA,NA,NA,NA,NA,NA,Mixed
R_3nJlV17e4so1J8U,5/10/2020 17:38,Old Chickens,"1,3,4,7",iafric,0.373355437,0.384722647,0.382255259,0.366478951,0.341627945,0.315439308,0.293492555,0.282897204,0.285910606,0.302253593,0.324748983,0.351835968,2,1,2,4,0,2,NA,NA,NA,NA,NA,NA,NA,NA,NA,NA,NA,NA,NA,Data-Driven
R_2bWyfocCOaKkcNN,5/11/2020 23:32,Abracadabra,1,lifesat,6,6,6,6.1,6.2,6.2,6.1,6.3,6.3,6.2,6.3,6.4,5,6,1,"2,4",1,2,NA,NA,NA,NA,NA,NA,NA,NA,NA,NA,NA,NA,NA,Mixed
R_1feG7nZChYPoRsc,5/12/2020 15:29,Spartacus,"1,2,3,4",lifesat,5.9,6,6.05,6,6.04,6.09,6.1,6.01,6.05,6.06,6.07,6.1,4,2,2,"2,4",NA,NA,NA,NA,NA,NA,NA,NA,NA,NA,NA,NA,NA,NA,NA,Mixed
R_12L9npXg1YbCpY7,5/14/2020 6:12,Heather Shimmer,"5,7,9",iasian,0.384,0.384,0.384,0.384,0.384,0.384,0.384,0.384,0.384,0.384,0.384,0.384,5,2,2,4,0,2,NA,NA,NA,NA,NA,NA,NA,NA,NA,NA,NA,NA,NA,Data-Driven
R_12L9npXg1YbCpY7,5/14/2020 6:12,Heather Shimmer,"5,7,9",iafric,0.317,0.317,0.317,0.317,0.317,0.317,0.317,0.317,0.317,0.317,0.317,0.317,5,2,2,4,0,2,NA,NA,NA,NA,NA,NA,NA,NA,NA,NA,NA,NA,NA,Data-Driven
R_12L9npXg1YbCpY7,5/14/2020 6:12,Heather Shimmer,"5,7,9",igend,0.3604,0.3604,0.3604,0.3604,0.3604,0.3604,0.3604,0.3604,0.3604,0.3604,0.3604,0.3604,5,2,2,4,0,2,NA,NA,NA,NA,NA,NA,NA,NA,NA,NA,NA,NA,NA,Data-Driven
R_37QXf00ixlpprj3,5/14/2020 8:14,BlackSwan,"1,2,3,4,5,6,7,8,9,10",lifesat,6.1,6.1,6.1,6.2,6.2,6.25,6.25,6.3,6.3,6.35,6.35,6.4,2,5,2,2,1,1,6,NA,NA,NA,NA,NA,NA,NA,NA,NA,NA,NA,NA,Intuition/Theory
R_37QXf00ixlpprj3,5/14/2020 8:14,BlackSwan,"1,2,3,4,5,6,7,8,9,10",polar,85,83,86,84,86,85,83,82,84,81,84,82,1,1,2,1,NA,2,NA,NA,NA,NA,NA,NA,NA,NA,NA,NA,NA,NA,NA,Intuition/Theory
R_37QXf00ixlpprj3,5/14/2020 8:14,BlackSwan,"1,2,3,4,5,6,7,8,9,10",iasian,0.39,0.41,0.36,0.39,0.41,0.36,0.39,0.41,0.36,0.39,0.41,0.36,2,5,2,1,NA,2,NA,NA,NA,NA,NA,NA,NA,NA,NA,NA,NA,NA,NA,Intuition/Theory
R_37QXf00ixlpprj3,5/14/2020 8:14,BlackSwan,"1,2,3,4,5,6,7,8,9,10",easian,0.1,0.1,0.1,0.05,0.05,0,0.01,-0.05,0.02,-0.05,0.02,-0.02,1,5,2,1,1,1,6,NA,NA,NA,NA,NA,NA,NA,NA,NA,NA,NA,NA,Intuition/Theory
R_37QXf00ixlpprj3,5/14/2020 8:14,BlackSwan,"1,2,3,4,5,6,7,8,9,10",iafric,0.33,0.31,0.33,0.31,0.33,0.31,0.33,0.31,0.33,0.31,0.33,0.31,1,5,2,1,NA,2,NA,NA,NA,NA,NA,NA,NA,NA,NA,NA,NA,NA,NA,Intuition/Theory
R_37QXf00ixlpprj3,5/14/2020 8:14,BlackSwan,"1,2,3,4,5,6,7,8,9,10",eafric,-0.09,-0.11,-0.09,-0.11,-0.09,-0.11,-0.09,-0.11,-0.09,-0.11,-0.09,-0.11,1,5,2,1,NA,2,NA,NA,NA,NA,NA,NA,NA,NA,NA,NA,NA,NA,NA,Intuition/Theory
R_37QXf00ixlpprj3,5/14/2020 8:14,BlackSwan,"1,2,3,4,5,6,7,8,9,10",igend,0.33,0.3,0.33,0.3,0.33,0.3,0.33,0.3,0.33,0.3,0.33,0.3,1,5,2,1,NA,2,NA,NA,NA,NA,NA,NA,NA,NA,NA,NA,NA,NA,NA,Intuition/Theory
R_37QXf00ixlpprj3,5/14/2020 8:14,BlackSwan,"1,2,3,4,5,6,7,8,9,10",egend,0.8,0.9,0.8,0.9,0.8,0.9,0.8,0.9,0.8,0.9,0.8,0.9,1,5,2,1,NA,2,NA,NA,NA,NA,NA,NA,NA,NA,NA,NA,NA,NA,NA,Intuition/Theory
R_2tOPX9BWjIhaOf7,5/14/2020 8:34,Duckling Power,"1,2",lifesat,6.4,6.3,6.35,6.25,6.3,6.2,6.15,6.2,6.25,6.3,6.35,6.4,3,5,2,"1,2",3,2,NA,NA,NA,NA,NA,NA,NA,NA,NA,NA,NA,NA,NA,Intuition/Theory
R_2tOPX9BWjIhaOf7,5/14/2020 8:34,Duckling Power,"1,2",posaffect,-0.776,-1.0627,-0.8861633,-1.076909,-1,-0.7907,-1.044,-1.29,-0.786,-0.847,-1.193,-0.948,3,2,2,"1,4",1,2,NA,NA,NA,NA,NA,NA,NA,NA,NA,NA,NA,NA,NA,Mixed
R_2tOPX9BWjIhaOf7,5/14/2020 8:34,Duckling Power,"1,2",negaffect,1.1957,1.2797,1.1877,1.43,1.3361,1.1127,1.30558,1.4635,1.1627,1.1651,1.386,1.2933,3,2,2,"1,4",1,2,NA,NA,NA,NA,NA,NA,NA,NA,NA,NA,NA,NA,NA,Mixed
R_3QP87teUhx0shwJ,5/14/2020 10:12,Patr√≠cia Arriaga,"1,2",lifesat,6.372,6.307,6.272,6.306,6.321,6.351,6.38,6.393,6.391,6.419,6.46,6.346,2,4,1,2,NA,NA,NA,NA,NA,NA,NA,NA,NA,NA,NA,NA,NA,NA,NA,Intuition/Theory
R_2xRiOHuu4tmQ3k1,5/14/2020 13:10,Average Joes,"1,2,3,4,5,6,7,8,9,10",lifesat,6.36,6.36,6.36,6.36,6.36,6.36,6.36,6.36,6.36,6.36,6.36,6.36,2,2,2,"1,4",NA,2,NA,NA,NA,NA,NA,NA,NA,NA,NA,NA,NA,NA,NA,Mixed
R_2xRiOHuu4tmQ3k1,5/14/2020 13:10,Average Joes,"1,2,3,4,5,6,7,8,9,10",posaffect,-0.973223079,-0.973223079,-0.973223079,-0.973223079,-0.973223079,-0.973223079,-0.973223079,-0.973223079,-0.973223079,-0.973223079,-0.973223079,-0.973223079,1,1,2,"1,4",NA,2,NA,NA,NA,NA,NA,NA,NA,NA,NA,NA,NA,NA,NA,Mixed
R_2xRiOHuu4tmQ3k1,5/14/2020 13:10,Average Joes,"1,2,3,4,5,6,7,8,9,10",negaffect,0.973223079,0.973223079,0.973223079,0.973223079,0.973223079,0.973223079,0.973223079,0.973223079,0.973223079,0.973223079,0.973223079,0.973223079,1,1,2,"1,4",NA,2,NA,NA,NA,NA,NA,NA,NA,NA,NA,NA,NA,NA,NA,Mixed
R_2xRiOHuu4tmQ3k1,5/14/2020 13:10,Average Joes,"1,2,3,4,5,6,7,8,9,10",polar,79.38547009,79.38547009,79.38547009,79.38547009,79.38547009,79.38547009,79.38547009,79.38547009,79.38547009,79.38547009,79.38547009,79.38547009,1,1,2,"1,4",NA,2,NA,NA,NA,NA,NA,NA,NA,NA,NA,NA,NA,NA,NA,Mixed
R_2xRiOHuu4tmQ3k1,5/14/2020 13:10,Average Joes,"1,2,3,4,5,6,7,8,9,10",iasian,0.386282063,0.386282063,0.386282063,0.386282063,0.386282063,0.386282063,0.386282063,0.386282063,0.386282063,0.386282063,0.386282063,0.386282063,1,1,2,"1,4",NA,2,NA,NA,NA,NA,NA,NA,NA,NA,NA,NA,NA,NA,NA,Mixed
R_2xRiOHuu4tmQ3k1,5/14/2020 13:10,Average Joes,"1,2,3,4,5,6,7,8,9,10",easian,-0.04,-0.04,-0.04,-0.04,-0.04,-0.04,-0.04,-0.04,-0.04,-0.04,-0.04,-0.04,1,1,2,"1,4",NA,2,NA,NA,NA,NA,NA,NA,NA,NA,NA,NA,NA,NA,NA,Mixed
R_2xRiOHuu4tmQ3k1,5/14/2020 13:10,Average Joes,"1,2,3,4,5,6,7,8,9,10",iafric,0.31879554,0.31879554,0.31879554,0.31879554,0.31879554,0.31879554,0.31879554,0.31879554,0.31879554,0.31879554,0.31879554,0.31879554,1,1,2,"1,4",NA,2,NA,NA,NA,NA,NA,NA,NA,NA,NA,NA,NA,NA,NA,Mixed
R_2xRiOHuu4tmQ3k1,5/14/2020 13:10,Average Joes,"1,2,3,4,5,6,7,8,9,10",eafric,-0.034874629,-0.034874629,-0.034874629,-0.034874629,-0.034874629,-0.034874629,-0.034874629,-0.034874629,-0.034874629,-0.034874629,-0.034874629,-0.034874629,1,1,2,"1,4",NA,2,NA,NA,NA,NA,NA,NA,NA,NA,NA,NA,NA,NA,NA,Mixed
R_2xRiOHuu4tmQ3k1,5/14/2020 13:10,Average Joes,"1,2,3,4,5,6,7,8,9,10",igend,0.365107699,0.365107699,0.365107699,0.365107699,0.365107699,0.365107699,0.365107699,0.365107699,0.365107699,0.365107699,0.365107699,0.365107699,1,1,2,"1,4",NA,2,NA,NA,NA,NA,NA,NA,NA,NA,NA,NA,NA,NA,NA,Mixed
R_2xRiOHuu4tmQ3k1,5/14/2020 13:10,Average Joes,"1,2,3,4,5,6,7,8,9,10",egend,0.836946065,0.836946065,0.836946065,0.836946065,0.836946065,0.836946065,0.836946065,0.836946065,0.836946065,0.836946065,0.836946065,0.836946065,1,1,2,"1,4",NA,2,NA,NA,NA,NA,NA,NA,NA,NA,NA,NA,NA,NA,NA,Mixed
R_22JrVlYufUZNS2h,5/15/2020 3:47,BlackSwanrevised,"2,3",posaffect,-1.5,-1.2,-0.9,-1.2,-0.9,-1.2,-0.9,-1.2,-0.9,-1.2,-0.9,-1.2,1,1,2,1,NA,2,NA,NA,NA,NA,NA,NA,NA,NA,NA,NA,NA,NA,NA,Intuition/Theory
R_22JrVlYufUZNS2h,5/15/2020 3:47,BlackSwanrevised,"2,3",negaffect,1.5,1.2,0.9,1.2,0.9,1.2,0.9,1.2,0.9,1.2,0.9,1.2,1,1,2,1,NA,2,NA,NA,NA,NA,NA,NA,NA,NA,NA,NA,NA,NA,NA,Intuition/Theory
R_22JrVlYufUZNS2h,5/15/2020 3:47,BlackSwanrevised,"2,3",ideolrep,33,35,34,35,34,35,34,34,35,34,35,34,1,5,2,1,NA,2,NA,NA,NA,NA,NA,NA,NA,NA,NA,NA,NA,NA,NA,Intuition/Theory
R_22JrVlYufUZNS2h,5/15/2020 3:47,BlackSwanrevised,"2,3",ideoldem,39,41,40,41,40,41,40,40,41,40,41,40,1,5,2,1,NA,2,NA,NA,NA,NA,NA,NA,NA,NA,NA,NA,NA,NA,NA,Intuition/Theory
R_cD94fLrgJK1053j,5/20/2020 17:03,blue duiker,4,polar,82,85.5,83,87.5,86,93,90.5,90.5,87,85.75,87,84,4,2,2,1,NA,2,NA,NA,NA,NA,NA,NA,NA,NA,NA,NA,NA,NA,NA,Intuition/Theory
R_5mXcGasI1QWezgl,5/21/2020 10:27,fearfulastra,"1,2,3,4,5,6,7,8,9,10",lifesat,6.508629782,6.444670458,6.407886591,6.431860061,6.458139553,6.480067496,6.484948271,6.489671601,6.494552377,6.499433152,6.503841594,6.508722369,5,1,2,4,NA,2,NA,NA,NA,NA,NA,NA,NA,NA,NA,NA,NA,NA,NA,Data-Driven
R_5mXcGasI1QWezgl,5/21/2020 10:27,fearfulastra,"1,2,3,4,5,6,7,8,9,10",posaffect,-0.867,-1.153,-0.977,-1.167,-1.091,-0.881,-0.885,-0.889,-0.893,-0.896,-0.9,-0.904,2,1,2,4,NA,2,NA,NA,NA,NA,NA,NA,NA,NA,NA,NA,NA,NA,NA,Data-Driven
R_5mXcGasI1QWezgl,5/21/2020 10:27,fearfulastra,"1,2,3,4,5,6,7,8,9,10",negaffect,0.939,1.023,0.931,1.17,1.08,0.856,0.858,0.86,0.862,0.863,0.865,0.867,2,1,2,4,NA,2,NA,NA,NA,NA,NA,NA,NA,NA,NA,NA,NA,NA,NA,Data-Driven
R_5mXcGasI1QWezgl,5/21/2020 10:27,fearfulastra,"1,2,3,4,5,6,7,8,9,10",ideolrep,37.476,36.928,36.604,36.981,37.405,38.089,38.158,38.225,38.295,38.364,38.427,38.496,3,1,2,4,NA,2,NA,NA,NA,NA,NA,NA,NA,NA,NA,NA,NA,NA,NA,Data-Driven
R_5mXcGasI1QWezgl,5/21/2020 10:27,fearfulastra,"1,2,3,4,5,6,7,8,9,10",ideoldem,42.945,44.35,43.841,44.432,45.084,45.88,45.97,46.058,46.148,46.238,46.319,46.409,3,1,2,4,NA,2,NA,NA,NA,NA,NA,NA,NA,NA,NA,NA,NA,NA,NA,Data-Driven
R_5mXcGasI1QWezgl,5/21/2020 10:27,fearfulastra,"1,2,3,4,5,6,7,8,9,10",polar,84.028,86.978,85.911,83.894,85.228,85.078,85.353,85.618,85.893,86.168,86.416,86.691,1,1,2,4,NA,2,NA,NA,NA,NA,NA,NA,NA,NA,NA,NA,NA,NA,NA,Data-Driven
R_5mXcGasI1QWezgl,5/21/2020 10:27,fearfulastra,"1,2,3,4,5,6,7,8,9,10",iasian,0.385548854,0.38927426,0.385510388,0.376900089,0.406981987,0.400610265,0.369292817,0.36604386,0.392690013,0.408920358,0.395477622,0.384341537,3,1,2,4,NA,2,NA,NA,NA,NA,NA,NA,NA,NA,NA,NA,NA,NA,NA,Data-Driven
R_5mXcGasI1QWezgl,5/21/2020 10:27,fearfulastra,"1,2,3,4,5,6,7,8,9,10",easian,-0.004,-0.056,-0.042,-0.047,-0.025,0.004,0.005,0.005,0.006,0.007,0.007,0.008,1,1,2,4,NA,2,NA,NA,NA,NA,NA,NA,NA,NA,NA,NA,NA,NA,NA,Data-Driven
R_5mXcGasI1QWezgl,5/21/2020 10:27,fearfulastra,"1,2,3,4,5,6,7,8,9,10",iafric,0.315,0.319,0.313,0.301,0.311,0.311,0.311,0.311,0.31,0.31,0.31,0.31,2,1,2,4,NA,2,NA,NA,NA,NA,NA,NA,NA,NA,NA,NA,NA,NA,NA,Data-Driven
R_5mXcGasI1QWezgl,5/21/2020 10:27,fearfulastra,"1,2,3,4,5,6,7,8,9,10",eafric,-0.052,-0.089,-0.132,-0.15,-0.13,-0.144,-0.147,-0.15,-0.153,-0.157,-0.16,-0.163,3,1,2,4,NA,2,NA,NA,NA,NA,NA,NA,NA,NA,NA,NA,NA,NA,NA,Data-Driven
R_5mXcGasI1QWezgl,5/21/2020 10:27,fearfulastra,"1,2,3,4,5,6,7,8,9,10",igend,0.361,0.357,0.365,0.35,0.354,0.357,0.357,0.356,0.356,0.356,0.355,0.355,2,1,2,4,NA,2,NA,NA,NA,NA,NA,NA,NA,NA,NA,NA,NA,NA,NA,Data-Driven
R_5mXcGasI1QWezgl,5/21/2020 10:27,fearfulastra,"1,2,3,4,5,6,7,8,9,10",egend,0.806,0.8,0.805,0.778,0.79,0.774,0.771,0.769,0.766,0.763,0.761,0.758,3,1,2,4,NA,2,NA,NA,NA,NA,NA,NA,NA,NA,NA,NA,NA,NA,NA,Data-Driven
R_xyX2gsbAcFlJDt7,5/21/2020 14:49,NotGreatWithNamesTeam,"1,5,7,8,9",lifesat,6.359,6.35,6.345,6.3619,6.3619,6.3619,6.3619,6.3619,6.3619,6.3619,6.3619,6.3619,5,4,2,4,0,2,NA,NA,NA,NA,NA,NA,NA,NA,NA,NA,NA,NA,NA,Data-Driven
R_xyX2gsbAcFlJDt7,5/21/2020 14:49,NotGreatWithNamesTeam,"1,5,7,8,9",iasian,0.318796,0.318796,0.318796,0.318796,0.318796,0.318796,0.318796,0.318796,0.318796,0.318796,0.318796,0.318796,6,2,2,4,NA,2,NA,NA,NA,NA,NA,NA,NA,NA,NA,NA,NA,NA,NA,Data-Driven
R_1KrKirHTAtmQWfG,5/21/2020 15:21,FMTeam,"1,5,7,8,9",lifesat,6.3619,6.3619,6.3619,6.3619,6.3619,6.3619,6.3619,6.3619,6.3619,6.3619,6.3619,6.3619,5,2,2,4,NA,2,NA,NA,NA,NA,NA,NA,NA,NA,NA,NA,NA,NA,NA,Data-Driven
R_1KrKirHTAtmQWfG,5/21/2020 15:21,FMTeam,"1,5,7,8,9",iasian,0.386282,0.386282,0.386282,0.386282,0.386282,0.386282,0.386282,0.386282,0.386282,0.386282,0.386282,0.386282,6,1,2,4,NA,2,NA,NA,NA,NA,NA,NA,NA,NA,NA,NA,NA,NA,NA,Data-Driven
R_1KrKirHTAtmQWfG,5/21/2020 15:21,FMTeam,"1,5,7,8,9",iafric,0.318796,0.318796,0.318796,0.318796,0.318796,0.318796,0.318796,0.318796,0.318796,0.318796,0.318796,0.318796,6,2,2,4,NA,2,NA,NA,NA,NA,NA,NA,NA,NA,NA,NA,NA,NA,NA,Data-Driven
R_1KrKirHTAtmQWfG,5/21/2020 15:21,FMTeam,"1,5,7,8,9",eafric,-0.034875,-0.034875,-0.034875,-0.034875,-0.034875,-0.034875,-0.034875,-0.034875,-0.034875,-0.034875,-0.034875,-0.034875,6,2,2,4,0,2,NA,NA,NA,NA,NA,NA,NA,NA,NA,NA,NA,NA,NA,Data-Driven
R_1KrKirHTAtmQWfG,5/21/2020 15:21,FMTeam,"1,5,7,8,9",igend,0.365108,0.365108,0.365108,0.365108,0.365108,0.365108,0.365108,0.365108,0.365108,0.365108,0.365108,0.365108,6,2,2,4,0,2,NA,NA,NA,NA,NA,NA,NA,NA,NA,NA,NA,NA,NA,Data-Driven
R_2wpETv2fShVR2Zx,5/21/2020 16:07,Skuld Forecasting Systems,3,ideolrep,35.7,35.66,35.48,35.22,34.95,34.69,34.46,34.26,34.08,33.92,33.82,33.71,3,5,2,"1,3,4",7,2,NA,NA,NA,NA,NA,NA,NA,NA,NA,NA,NA,NA,NA,Mixed
R_2wpETv2fShVR2Zx,5/21/2020 16:07,Skuld Forecasting Systems,3,ideoldem,43.8,43.75,43.54,43.24,42.91,42.6,42.33,42.09,41.88,41.71,41.57,41.45,3,5,2,"1,3,4",7,2,NA,NA,NA,NA,NA,NA,NA,NA,NA,NA,NA,NA,NA,Mixed
R_3sig6taL2uqG5wp,5/22/2020 2:34,RTTMT,"1,2,3,4,5,6,7,8,9,10",lifesat,6.361904877,6.361904877,6.361904877,6.361904877,6.361904877,6.361904877,6.361904877,6.361904877,6.361904877,6.361904877,6.361904877,6.361904877,3,2,1,"1,2,4,5",NA,2,NA,NA,NA,NA,NA,NA,NA,NA,NA,NA,NA,NA,NA,Mixed
R_3sig6taL2uqG5wp,5/22/2020 2:34,RTTMT,"1,2,3,4,5,6,7,8,9,10",posaffect,-0.97,-0.97,-0.97,-0.97,-0.97,-0.97,-0.97,-0.97,-0.97,-0.97,-0.97,-0.97,1,1,2,"1,5",NA,2,NA,NA,NA,NA,NA,NA,NA,NA,NA,NA,NA,NA,NA,Mixed
R_3sig6taL2uqG5wp,5/22/2020 2:34,RTTMT,"1,2,3,4,5,6,7,8,9,10",negaffect,0.97,0.97,0.97,0.97,0.97,0.97,0.97,0.97,0.97,0.97,0.97,0.97,1,1,2,"1,5",NA,2,NA,NA,NA,NA,NA,NA,NA,NA,NA,NA,NA,NA,NA,Mixed
R_3sig6taL2uqG5wp,5/22/2020 2:34,RTTMT,"1,2,3,4,5,6,7,8,9,10",ideolrep,36.69545774,36.69545774,36.69545774,36.69545774,36.69545774,36.69545774,36.69545774,36.69545774,36.69545774,36.69545774,36.69545774,36.69545774,1,1,2,1,2,2,NA,NA,NA,NA,NA,NA,NA,NA,NA,NA,NA,NA,NA,Intuition/Theory
R_3sig6taL2uqG5wp,5/22/2020 2:34,RTTMT,"1,2,3,4,5,6,7,8,9,10",ideoldem,43.30266437,43.30266437,43.30266437,43.30266437,43.30266437,43.30266437,43.30266437,43.30266437,43.30266437,43.30266437,43.30266437,43.30266437,1,1,2,1,2,2,NA,NA,NA,NA,NA,NA,NA,NA,NA,NA,NA,NA,NA,Intuition/Theory
R_ZDzzja7ctGRI0Df,5/22/2020 3:50,King Octopus,1,lifesat,6.50142,6.47,6.33,6.18,6.24,6.3,6.33,6.35,6.4,6.45,6.4,6.42,2,5,2,"1,2,5",12,2,NA,NA,NA,NA,NA,NA,NA,NA,NA,NA,NA,NA,NA,Mixed
R_2tM97nv8vKVkiWV,5/22/2020 5:12,Broken Mirror Neurons,"1,4,5,6",lifesat,6.43,6.4,6.37,6.36,6.4,6.42,6.43,6.42,6.44,6.48,6.49,6.49,3,4,2,1,3,2,NA,NA,NA,NA,NA,NA,NA,NA,NA,NA,NA,NA,NA,Intuition/Theory
R_2tM97nv8vKVkiWV,5/22/2020 5:12,Broken Mirror Neurons,"1,4,5,6",polar,78,75,78,82,85,83,86,84,86,79,80,77,4,4,2,"1,2",6,1,6,NA,NA,NA,NA,NA,NA,NA,NA,NA,NA,NA,NA,Intuition/Theory
R_2tM97nv8vKVkiWV,5/22/2020 5:12,Broken Mirror Neurons,"1,4,5,6",iasian,0.47,0.46,0.45,0.45,0.43,0.47,0.42,0.4,0.39,0.4,0.37,0.36,6,4,2,"1,2",5,1,5,1500000,1750000,2000000,2250000,2300000,2400000,2500000,2600000,2700000,2800000,2900000,3000000,Intuition/Theory
R_2tM97nv8vKVkiWV,5/22/2020 5:12,Broken Mirror Neurons,"1,4,5,6",easian,0.25,0.26,0.24,0.2,0.14,0.21,0.2,0.16,0.15,0.06,0.04,0.05,6,4,2,"1,2",9,1,5,1500000,1750000,2000000,2250000,2300000,2400000,2500000,2600000,2700000,2800000,2900000,3000000,Intuition/Theory
R_1hBj0OFNl0kStor,5/22/2020 8:16,Imielin,"1,2,3,4,5,6,7,8,9,10",lifesat,6.2,6.25,6.1,6.1,6,6,5.8,6,5.8,5.8,5.9,6,4,5,1,"1,2",8,1,4,26000,27000,28000,29000,30000,31000,34000,35000,36000,37000,38000,39000,Intuition/Theory
R_1hBj0OFNl0kStor,5/22/2020 8:16,Imielin,"1,2,3,4,5,6,7,8,9,10",posaffect,-1.35,-1.25,-1.15,-1.15,-1.28,-1.28,-1.28,-1,-1.1,-1.2,-1,-0.9,4,2,2,1,8,1,4,25000,26000,27000,28000,29000,30000,31000,32000,33000,34000,35000,36000,Intuition/Theory
R_1hBj0OFNl0kStor,5/22/2020 8:16,Imielin,"1,2,3,4,5,6,7,8,9,10",negaffect,2.54,2.42,2.22,2.21,2.1,2.2,2.35,2.12,2.11,2.2,2.1,2,4,2,2,1,8,1,4,25000,26000,27000,28000,29000,30000,31000,32000,33000,34000,35000,36000,Intuition/Theory
R_1hBj0OFNl0kStor,5/22/2020 8:16,Imielin,"1,2,3,4,5,6,7,8,9,10",ideolrep,35.02,37.04,37.09,37.2,37.22,37.25,37.3,37.32,37.4,37.5,38.01,38.5,3,1,2,1,8,1,4,25000,26000,27000,28000,29000,30000,31000,32000,33000,34000,35000,36000,Intuition/Theory
R_1hBj0OFNl0kStor,5/22/2020 8:16,Imielin,"1,2,3,4,5,6,7,8,9,10",ideoldem,43.01,43.04,43.05,43.06,43.1,43.08,43,43.04,43.07,43.06,43.09,43.04,3,1,2,1,8,1,4,25000,26000,27000,28000,29000,30000,31000,32000,33000,34000,35000,36000,Intuition/Theory
R_1hBj0OFNl0kStor,5/22/2020 8:16,Imielin,"1,2,3,4,5,6,7,8,9,10",polar,83,84,86,84,83,85,88,82,86,83,84,85,4,1,2,1,5,1,4,25000,26000,27000,28000,29000,30000,31000,32000,33000,34000,35000,36000,Intuition/Theory
R_1hBj0OFNl0kStor,5/22/2020 8:16,Imielin,"1,2,3,4,5,6,7,8,9,10",iasian,0.44,0.45,0.46,0.45,0.46,0.44,0.45,0.44,0.46,0.45,0.46,0.44,4,1,2,1,7,1,4,25000,26000,27000,28000,29000,30000,31000,32000,33000,34000,35000,36000,Intuition/Theory
R_1hBj0OFNl0kStor,5/22/2020 8:16,Imielin,"1,2,3,4,5,6,7,8,9,10",easian,0.14,0.13,0.14,0.13,0.13,0.14,0.15,0.14,0.13,0.14,0.14,0.13,3,1,2,1,8,1,4,25000,26000,27000,28000,29000,30000,31000,32000,33000,34000,35000,36000,Intuition/Theory
R_1hBj0OFNl0kStor,5/22/2020 8:16,Imielin,"1,2,3,4,5,6,7,8,9,10",iafric,0.34,0.33,0.33,0.32,0.32,0.33,0.32,0.31,0.31,0.32,0.31,0.31,4,1,2,1,7,1,4,25000,26000,27000,28000,29000,30000,31000,32000,33000,34000,35000,36000,Intuition/Theory
R_1hBj0OFNl0kStor,5/22/2020 8:16,Imielin,"1,2,3,4,5,6,7,8,9,10",eafric,-0.07,-0.07,-0.06,-0.05,-0.06,-0.05,-0.07,-0.05,-0.06,-0.05,-0.04,-0.03,4,1,2,1,8,1,4,25000,26000,27000,28000,29000,30000,31000,32000,33000,34000,35000,36000,Intuition/Theory
R_1hBj0OFNl0kStor,5/22/2020 8:16,Imielin,"1,2,3,4,5,6,7,8,9,10",igend,0.39,0.4,0.41,0.4,0.4,0.4,0.41,0.4,0.39,0.39,0.39,0.4,4,1,2,1,9,1,4,25000,26000,27000,28000,29000,30000,31000,32000,33000,34000,35000,36000,Intuition/Theory
R_1hBj0OFNl0kStor,5/22/2020 8:16,Imielin,"1,2,3,4,5,6,7,8,9,10",egend,0.9,0.89,0.91,0.91,0.9,0.89,0.89,0.88,0.88,0.89,0.88,0.88,4,1,2,1,9,1,4,25000,26000,27000,28000,29000,30000,31000,32000,33000,34000,35000,36000,Intuition/Theory
R_3j7K6Ger5hGCVIr,5/22/2020 12:36,Nurni Flowenol,1,lifesat,6.2,6.1,6.2,6.2,6.2,6.1,6,5.9,5.9,5.8,5.9,5.9,3,4,1,"1,5",1,2,NA,NA,NA,NA,NA,NA,NA,NA,NA,NA,NA,NA,NA,Mixed
R_C9NX7uA8BLUDd2p,5/22/2020 15:30,4 chimps with a dart,1,lifesat,6.371621834,6.311220741,6.343768437,6.348063229,6.370721334,6.396651361,6.413989808,6.407538238,6.406474128,6.424569907,6.437782509,6.43919129,2,2,1,"1,2,4,5",41,1,5,NA,NA,NA,NA,NA,NA,NA,NA,NA,NA,NA,NA,Mixed
R_1mpWg38aa9BMatM,5/22/2020 17:23,SCREEN Team,"1,2,3,4",lifesat,5,5.5,5.5,5.5,5.5,5.5,5.5,5.5,6,6,6,6,4,6,2,"1,2",4,1,4,90000,100000,105000,110000,115000,120000,125000,130000,135000,140000,140000,140000,Intuition/Theory
R_1mpWg38aa9BMatM,5/22/2020 17:23,SCREEN Team,"1,2,3,4",posaffect,-2.5,-2,-2,-2,-2,-2,-1.5,-1.5,-2,-2,-2,-2,5,6,1,"1,2",6,1,5,600000,700000,800000,900000,1000000,1100000,1200000,1300000,1400000,1500000,1500000,1500000,Intuition/Theory
R_1mpWg38aa9BMatM,5/22/2020 17:23,SCREEN Team,"1,2,3,4",negaffect,2.5,2,2,1.8,1.8,1.8,1.5,1.5,1.8,1.8,1.8,1.8,5,6,1,"1,2",6,1,5,600000,700000,800000,900000,1000000,1100000,1200000,1300000,1400000,1500000,1500000,1500000,Intuition/Theory
R_1mpWg38aa9BMatM,5/22/2020 17:23,SCREEN Team,"1,2,3,4",ideolrep,35,30,25,25,25,25,25,25,25,25,25,25,2,1,2,1,4,2,NA,NA,NA,NA,NA,NA,NA,NA,NA,NA,NA,NA,NA,Intuition/Theory
R_1mpWg38aa9BMatM,5/22/2020 17:23,SCREEN Team,"1,2,3,4",ideoldem,45,50,50,50,55,55,55,55,55,55,55,55,2,1,2,1,4,2,NA,NA,NA,NA,NA,NA,NA,NA,NA,NA,NA,NA,NA,Intuition/Theory
R_1mpWg38aa9BMatM,5/22/2020 17:23,SCREEN Team,"1,2,3,4",polar,85,90,85,80,80,75,75,80,80,80,80,80,2,1,2,1,6,2,NA,NA,NA,NA,NA,NA,NA,NA,NA,NA,NA,NA,NA,Intuition/Theory
R_ZlWXYoDU53yJZst,5/22/2020 18:58,MORDEAUX Team,"5,7,9",iasian,0.37,0.41,0.41,0.4,0.4,0.39,0.39,0.39,0.4,0.37,0.37,0.39,4,5,2,2,NA,2,NA,NA,NA,NA,NA,NA,NA,NA,NA,NA,NA,NA,NA,Intuition/Theory
R_ZlWXYoDU53yJZst,5/22/2020 18:58,MORDEAUX Team,"5,7,9",iafric,0.3151,0.3146,0.3264,0.3204,0.3233,0.3247,0.3136,0.3159,0.3139,0.3114,0.3148,0.3197,5,5,2,2,NA,2,NA,NA,NA,NA,NA,NA,NA,NA,NA,NA,NA,NA,NA,Intuition/Theory
R_ZlWXYoDU53yJZst,5/22/2020 18:58,MORDEAUX Team,"5,7,9",igend,0.3627,0.3693,0.3723,0.3604,0.3666,0.3603,0.367,0.3579,0.3745,0.3569,0.3588,0.3622,5,5,2,2,NA,2,NA,NA,NA,NA,NA,NA,NA,NA,NA,NA,NA,NA,NA,Intuition/Theory
R_2ZKRjwRKzN67eJY,5/22/2020 22:42,Team Funemployed,1,lifesat,5.046847,4.375611,4.33403,4.292449,4.250868,4.506294,4.76172,5.017147,5.094369,5.171591,5.248812,5.296334,4,4,2,"2,4,5",1,2,NA,NA,NA,NA,NA,NA,NA,NA,NA,NA,NA,NA,NA,Mixed
R_1eOzg1yvQRxoVr0,5/24/2020 16:04,WeGen,"1,2",lifesat,6.4,6.4,6.4,6.4,6.4,6.4,6.4,6.4,6.4,6.4,6.4,6.4,4,9,1,"1,2",2,1,5,NA,NA,NA,NA,NA,NA,NA,NA,NA,NA,NA,NA,Intuition/Theory
R_1eOzg1yvQRxoVr0,5/24/2020 16:04,WeGen,"1,2",posaffect,-1,-1,-1,-1,-1,-1,-1,-1,-1,-1,-1,-1,2,2,2,"1,2",NA,1,4,NA,NA,NA,NA,NA,NA,NA,NA,NA,NA,NA,NA,Intuition/Theory
R_1eOzg1yvQRxoVr0,5/24/2020 16:04,WeGen,"1,2",negaffect,1,1,1,1,1,1,1,1,1,1,1,1,2,2,2,"1,2",NA,1,4,NA,NA,NA,NA,NA,NA,NA,NA,NA,NA,NA,NA,Intuition/Theory
R_3je47BZiW0vsXxb,5/25/2020 16:30,Haku,"1,3,4,5,6",lifesat,6.251240329,6.320967712,6.251240329,6.181512947,6.111785565,6.042058182,5.9723308,5.9723308,6.111785565,6.181512947,6.251240329,6.314159915,2,2,2,5,3,1,6,NA,NA,NA,NA,NA,NA,NA,NA,NA,NA,NA,NA,Data-Driven
R_3fYLuMJqqxpujqn,5/26/2020 15:29,Haifa_Team,"1,10",lifesat,5.7,5.8,5.9,6.4,6.4,6.35,6.3,6.4,6.3,6.2,6.5,6.6,4,2,2,1,2,2,NA,NA,NA,NA,NA,NA,NA,NA,NA,NA,NA,NA,NA,Intuition/Theory
R_3fYLuMJqqxpujqn,5/26/2020 15:29,Haifa_Team,"1,10",egend,0.85,0.9,0.87,0.92,0.79,0.82,0.85,0.9,0.79,0.85,0.93,0.96,2,2,2,1,NA,2,NA,NA,NA,NA,NA,NA,NA,NA,NA,NA,NA,NA,NA,Intuition/Theory
R_2tr58oLYN0VNmIZ,5/26/2020 16:22,md2000,1,lifesat,6.2,6.35,6.1,6.1,6,6,6.1,6.2,6.1,6.1,6,6,1,1,2,1,3,1,4,NA,NA,NA,NA,NA,NA,NA,NA,NA,NA,NA,NA,Intuition/Theory
R_2aKoSThX91WupmH,5/26/2020 17:29,md2000,3,ideolrep,38,39,38,37,38,37,36,36,36,36,37,37,1,1,2,1,5,1,4,NA,NA,NA,NA,NA,NA,NA,NA,NA,NA,NA,NA,Intuition/Theory
R_2aKoSThX91WupmH,5/26/2020 17:29,md2000,3,ideoldem,44,45,45,46,47,47,48,48,48,48,47,46,1,1,2,1,5,1,4,NA,NA,NA,NA,NA,NA,NA,NA,NA,NA,NA,NA,Intuition/Theory
R_bIXpphfS5SwVH4l,5/26/2020 17:35,md2000,4,polar,81,82,83,86,87,88,90,88,84,83,85,86,1,1,2,1,3,1,4,NA,NA,NA,NA,NA,NA,NA,NA,NA,NA,NA,NA,Intuition/Theory
R_239sC1pcvWFRDp0,5/26/2020 17:43,md2000,6,easian,0.1,0.1,0.1,0.15,0.15,0.15,0.15,0.1,0.1,0.1,0.05,0.05,1,1,2,1,2,2,NA,NA,NA,NA,NA,NA,NA,NA,NA,NA,NA,NA,NA,Intuition/Theory
R_1jJ4bv4NOSxgrke,5/26/2020 21:48,Goldensaber,"3,4",ideolrep,36.7,36.7,36.4,36.4,36.7,37,37.5,37.7,37.7,37.7,37.7,37.7,2,10,1,"1,2",3,2,NA,NA,NA,NA,NA,NA,NA,NA,NA,NA,NA,NA,NA,Intuition/Theory
R_1jJ4bv4NOSxgrke,5/26/2020 21:48,Goldensaber,"3,4",ideoldem,43.3,43.3,43,42.5,42.3,41,40.6,40.6,40.6,40.6,40.6,40.6,2,10,1,"1,2",3,2,NA,NA,NA,NA,NA,NA,NA,NA,NA,NA,NA,NA,NA,Intuition/Theory
R_1jJ4bv4NOSxgrke,5/26/2020 21:48,Goldensaber,"3,4",polar,82.5,83,83.35,84,84.5,83.35,83.35,83.35,83.35,83.35,83.35,83.35,2,9,1,"1,2",2,2,NA,NA,NA,NA,NA,NA,NA,NA,NA,NA,NA,NA,NA,Intuition/Theory
R_XhWt0WhYksIvwI1,5/27/2020 14:56,CheeseCake,"1,2,6",lifesat,6.5,6.6,6.6,6.6,6.6,6.5,6.4,6.4,6.3,6.3,6.3,6.4,5,9,1,"1,2",6,1,6,NA,NA,NA,NA,NA,NA,NA,NA,NA,NA,NA,NA,Intuition/Theory
R_XhWt0WhYksIvwI1,5/27/2020 14:56,CheeseCake,"1,2,6",posaffect,-1,-1,-1,-1,-1,-1,-1,-1,-1,-1,-1,-1,4,6,1,1,3,1,4,NA,NA,NA,NA,NA,NA,NA,NA,NA,NA,NA,NA,Intuition/Theory
R_XhWt0WhYksIvwI1,5/27/2020 14:56,CheeseCake,"1,2,6",negaffect,1.2,1.2,1.2,1.2,1.2,1.3,1.3,1.3,1.3,1.4,1.4,1.3,4,6,1,1,3,1,4,NA,NA,NA,NA,NA,NA,NA,NA,NA,NA,NA,NA,Intuition/Theory
R_XhWt0WhYksIvwI1,5/27/2020 14:56,CheeseCake,"1,2,6",easian,0.1,0.1,0.1,0.11,0.11,0.11,0.11,0.12,0.12,0.12,0.11,0.1,4,6,1,1,2,1,6,NA,NA,NA,NA,NA,NA,NA,NA,NA,NA,NA,NA,Intuition/Theory
R_3MFIxk2p3fJmFfz,5/27/2020 19:12,CantabRoyal,"2,3,4",posaffect,-1,-1.1,-1.2,-1.1,-1.1,-1.4,-1.4,-1.3,-1.2,-1,-1,-1,5,1,2,1,NA,2,NA,NA,NA,NA,NA,NA,NA,NA,NA,NA,NA,NA,NA,Intuition/Theory
R_3MFIxk2p3fJmFfz,5/27/2020 19:12,CantabRoyal,"2,3,4",negaffect,1,1,0.9,0.9,0.8,0.8,0.7,0.8,0.9,1,1,1,5,1,2,1,NA,2,NA,NA,NA,NA,NA,NA,NA,NA,NA,NA,NA,NA,NA,Intuition/Theory
R_2tLue9TWKlCrv64,5/27/2020 23:47,Sociology,"1,3,4,9,10",lifesat,6,6.05,6.1,6.15,6.18,6.22,6.26,6.28,6.3,6.31,6.32,6.33,2,2,2,"1,2",NA,2,NA,NA,NA,NA,NA,NA,NA,NA,NA,NA,NA,NA,NA,Intuition/Theory
R_2tLue9TWKlCrv64,5/27/2020 23:47,Sociology,"1,3,4,9,10",ideolrep,35,35,35,35,35,35,35,35,35,35,35,35,2,6,1,"1,2",NA,2,NA,NA,NA,NA,NA,NA,NA,NA,NA,NA,NA,NA,NA,Intuition/Theory
R_2tLue9TWKlCrv64,5/27/2020 23:47,Sociology,"1,3,4,9,10",ideoldem,44,45,46,46,47,47,47,47,47,47,47,47,2,6,1,"1,2",NA,2,NA,NA,NA,NA,NA,NA,NA,NA,NA,NA,NA,NA,NA,Intuition/Theory
R_2tLue9TWKlCrv64,5/27/2020 23:47,Sociology,"1,3,4,9,10",polar,87,87,87,87,86,86,86,85,85,85,85,85,4,6,1,"1,2",NA,2,NA,NA,NA,NA,NA,NA,NA,NA,NA,NA,NA,NA,NA,Intuition/Theory
R_2tLue9TWKlCrv64,5/27/2020 23:47,Sociology,"1,3,4,9,10",igend,0.38,0.39,0.39,0.39,0.39,0.39,0.39,0.39,0.39,0.39,0.39,0.39,5,5,2,"1,2",NA,2,NA,NA,NA,NA,NA,NA,NA,NA,NA,NA,NA,NA,NA,Intuition/Theory
R_2tLue9TWKlCrv64,5/27/2020 23:47,Sociology,"1,3,4,9,10",egend,0.9,0.9,0.9,0.9,0.9,0.9,0.9,0.9,0.9,0.9,0.9,0.9,5,5,2,"1,2",NA,2,NA,NA,NA,NA,NA,NA,NA,NA,NA,NA,NA,NA,NA,Intuition/Theory
R_3h4M6Ubf92rf31g,5/28/2020 20:10,Team IPA,"3,4",ideolrep,39,39,38,38,39,40,41,41,41,41.5,42,43,5,9,1,1,2,2,NA,NA,NA,NA,NA,NA,NA,NA,NA,NA,NA,NA,NA,Intuition/Theory
R_3h4M6Ubf92rf31g,5/28/2020 20:10,Team IPA,"3,4",ideoldem,47,47,46,46,46,46,46,48,48,47,46.5,46,5,9,1,1,2,2,NA,NA,NA,NA,NA,NA,NA,NA,NA,NA,NA,NA,NA,Intuition/Theory
R_3h4M6Ubf92rf31g,5/28/2020 20:10,Team IPA,"3,4",polar,81,82,82,83,84,86,86,76,72,74,78,80,6,6,1,1,2,2,NA,NA,NA,NA,NA,NA,NA,NA,NA,NA,NA,NA,NA,Intuition/Theory
R_2wnnHdKyTWVMPQC,5/28/2020 20:31,Dutch East India Company,5,iasian,0.386282063,0.386282063,0.386282063,0.386282063,0.386282063,0.386282063,0.386282063,0.386282063,0.386282063,0.386282063,0.386282063,0.386282063,3,2,2,"2,4",2,2,NA,NA,NA,NA,NA,NA,NA,NA,NA,NA,NA,NA,NA,Mixed
R_OEiVNGQ3bmwWoCJ,5/28/2020 21:36,Dutch East India Company,3,ideolrep,35,34,34,35,37,39,40,41,41,40,39,39,4,9,1,"1,2,5",NA,1,6,NA,NA,NA,NA,NA,NA,NA,NA,NA,NA,NA,NA,Mixed
R_OEiVNGQ3bmwWoCJ,5/28/2020 21:36,Dutch East India Company,3,ideoldem,43,42,41,42.5,43,44,45,47,47,46,46,45,4,9,1,"1,2,5",NA,1,6,NA,NA,NA,NA,NA,NA,NA,NA,NA,NA,NA,NA,Mixed
R_2QYQjgqRTZ5OsT9,5/29/2020 12:20,StatFore,"2,3",posaffect,-0.954934239,-0.923653309,-1.055219334,-1.030984161,-0.956994165,-0.998585077,-1.032096736,-0.995199318,-0.987572771,-1.01450759,-1.011007924,-0.996064778,2,4,2,4,NA,2,NA,NA,NA,NA,NA,NA,NA,NA,NA,NA,NA,NA,NA,Data-Driven
R_2QYQjgqRTZ5OsT9,5/29/2020 12:20,StatFore,"2,3",negaffect,0.981430407,0.981656585,0.981882764,0.982108942,0.98233512,0.982561298,0.982787476,0.983013654,0.983239832,0.98346601,0.983692188,0.983918367,2,4,2,4,NA,2,NA,NA,NA,NA,NA,NA,NA,NA,NA,NA,NA,NA,NA,Data-Driven
R_2QYQjgqRTZ5OsT9,5/29/2020 12:20,StatFore,"2,3",ideolrep,35.06611854,34.76641761,34.70835813,34.85137185,35.14313476,35.50046024,35.84704902,36.11820387,36.27611088,36.31016646,36.23586774,36.08679292,1,2,2,4,NA,2,NA,NA,NA,NA,NA,NA,NA,NA,NA,NA,NA,NA,NA,Data-Driven
R_2QYQjgqRTZ5OsT9,5/29/2020 12:20,StatFore,"2,3",ideoldem,43.90914941,43.9195841,43.93001879,43.94045348,43.95088818,43.96132287,43.97175756,43.98219225,43.99262694,44.00306163,44.01349632,44.02393102,1,2,2,4,NA,2,NA,NA,NA,NA,NA,NA,NA,NA,NA,NA,NA,NA,NA,Data-Driven
R_s85wbapOnaPy9rz,5/29/2020 12:29,Me Myself and I,"1,2,3,4,5,6,7,8,9,10",lifesat,6.2,6.2,6.1,6,6,6,5.7,6,6.2,6.3,6.4,6.4,5,2,2,"1,5",2,1,4,NA,NA,NA,NA,NA,NA,NA,NA,NA,NA,NA,NA,Mixed
R_s85wbapOnaPy9rz,5/29/2020 12:29,Me Myself and I,"1,2,3,4,5,6,7,8,9,10",posaffect,-1,-0.8,-0.8,-0.8,-0.9,-0.9,-1,-1.1,-1.1,-1,-1,-1,3,4,1,1,NA,2,NA,NA,NA,NA,NA,NA,NA,NA,NA,NA,NA,NA,NA,Intuition/Theory
R_s85wbapOnaPy9rz,5/29/2020 12:29,Me Myself and I,"1,2,3,4,5,6,7,8,9,10",negaffect,1,0.8,0.7,0.7,0.8,0.7,0.9,1,1.1,1.1,1.2,1.1,3,4,1,1,NA,2,NA,NA,NA,NA,NA,NA,NA,NA,NA,NA,NA,NA,NA,Intuition/Theory
R_27CEbbkAySDDU6g,5/29/2020 14:03,The Bingo Jingoists,3,ideolrep,35.2,35.05,34.76,33.99,33.98,36.85,37.87,36.45,35.78,37.78,37.25,36.56,3,9,1,"1,4,5",NA,2,NA,NA,NA,NA,NA,NA,NA,NA,NA,NA,NA,NA,NA,Mixed
R_27CEbbkAySDDU6g,5/29/2020 14:03,The Bingo Jingoists,3,ideoldem,42.96,42.03,43.05,42.45,43.56,44.24,45.88,44.02,45.76,43.99,44.09,45.65,3,9,1,"1,4,5",NA,2,NA,NA,NA,NA,NA,NA,NA,NA,NA,NA,NA,NA,NA,Mixed
R_24wV0QtBhicWuqE,5/29/2020 14:09,CoronaSky,"1,5,6",lifesat,6.35,6.38,6.35,6.32,6.3,6.28,6.3,6.33,6.35,6.38,6.4,6.42,2,5,1,"1,2",NA,1,6,NA,NA,NA,NA,NA,NA,NA,NA,NA,NA,NA,NA,Intuition/Theory
R_24wV0QtBhicWuqE,5/29/2020 14:09,CoronaSky,"1,5,6",iasian,0.09,0.07,0.05,0.03,0.02,0,0.02,0,-0.01,-0.02,-0.03,-0.04,3,4,2,1,NA,2,NA,NA,NA,NA,NA,NA,NA,NA,NA,NA,NA,NA,NA,Intuition/Theory
R_24wV0QtBhicWuqE,5/29/2020 14:09,CoronaSky,"1,5,6",easian,0.42,0.41,0.4,0.39,0.39,0.39,0.39,0.39,0.39,0.39,0.39,0.39,2,2,2,1,NA,2,NA,NA,NA,NA,NA,NA,NA,NA,NA,NA,NA,NA,NA,Intuition/Theory
R_1gu2I9N9y2P5XYo,5/29/2020 17:35,Compassionate Values,"2,4,8",posaffect,-1.058,-1.062,-1.066,-1.07,-1.074,-1.078,-1.082,-1.086,-1.09,-1.094,-1.098,-1.102,1,6,1,4,NA,2,NA,NA,NA,NA,NA,NA,NA,NA,NA,NA,NA,NA,NA,Data-Driven
R_1gu2I9N9y2P5XYo,5/29/2020 17:35,Compassionate Values,"2,4,8",negaffect,1.017,1.019,1.021,1.023,1.025,1.027,1.029,1.031,1.033,1.035,1.037,1.039,1,6,1,4,NA,2,NA,NA,NA,NA,NA,NA,NA,NA,NA,NA,NA,NA,NA,Data-Driven
R_1gu2I9N9y2P5XYo,5/29/2020 17:35,Compassionate Values,"2,4,8",polar,82.96,83.032,83.104,83.176,83.248,83.32,83.392,83.464,83.536,83.608,83.68,83.752,2,4,2,"1,4",NA,2,NA,NA,NA,NA,NA,NA,NA,NA,NA,NA,NA,NA,NA,Mixed
R_1gu2I9N9y2P5XYo,5/29/2020 17:35,Compassionate Values,"2,4,8",eafric,-0.091,-0.094,-0.097,-0.1,-0.103,-0.106,-0.109,-0.112,-0.115,-0.118,-0.121,-0.124,2,6,1,"1,4",NA,2,NA,NA,NA,NA,NA,NA,NA,NA,NA,NA,NA,NA,NA,Mixed
R_8GHjs56dMRoZxmx,5/29/2020 18:35,Bordeaux,"1,2,3,5,6,7,8,9,10",lifesat,6.46,6.428,6.414,6.426,6.439,6.447,6.46,6.46,6.46,6.46,6.46,6.46,3,2,2,4,NA,2,NA,NA,NA,NA,NA,NA,NA,NA,NA,NA,NA,NA,NA,Data-Driven
R_8GHjs56dMRoZxmx,5/29/2020 18:35,Bordeaux,"1,2,3,5,6,7,8,9,10",posaffect,-0.998,-1.055,-0.998,-0.929,-0.998,-0.998,-0.966,-0.998,-0.996,-1.004,-0.998,-0.972,3,2,2,4,NA,2,NA,NA,NA,NA,NA,NA,NA,NA,NA,NA,NA,NA,NA,Data-Driven
R_8GHjs56dMRoZxmx,5/29/2020 18:35,Bordeaux,"1,2,3,5,6,7,8,9,10",negaffect,0.973,0.989,0.973,0.989,0.989,0.973,0.989,0.989,0.973,0.973,0.989,0.973,3,2,2,4,NA,2,NA,NA,NA,NA,NA,NA,NA,NA,NA,NA,NA,NA,NA,Data-Driven
R_8GHjs56dMRoZxmx,5/29/2020 18:35,Bordeaux,"1,2,3,5,6,7,8,9,10",ideolrep,35.643,35.469,35.166,35.259,35.381,35.689,35.759,35.714,35.714,35.819,35.714,35.714,2,2,2,4,NA,2,NA,NA,NA,NA,NA,NA,NA,NA,NA,NA,NA,NA,NA,Data-Driven
R_8GHjs56dMRoZxmx,5/29/2020 18:35,Bordeaux,"1,2,3,5,6,7,8,9,10",ideoldem,43.868,43.868,43.868,43.868,43.959,44.076,44.084,44.091,43.868,43.868,43.868,43.868,2,2,2,4,NA,2,NA,NA,NA,NA,NA,NA,NA,NA,NA,NA,NA,NA,NA,Data-Driven
R_8GHjs56dMRoZxmx,5/29/2020 18:35,Bordeaux,"1,2,3,5,6,7,8,9,10",iasian,0.386,0.386,0.386,0.386,0.387,0.387,0.386,0.386,0.386,0.387,0.387,0.386,2,2,2,4,NA,2,NA,NA,NA,NA,NA,NA,NA,NA,NA,NA,NA,NA,NA,Data-Driven
R_8GHjs56dMRoZxmx,5/29/2020 18:35,Bordeaux,"1,2,3,5,6,7,8,9,10",easian,-0.03,-0.037,-0.037,-0.037,-0.037,-0.03,-0.037,-0.03,-0.037,-0.03,-0.03,-0.037,2,2,2,4,NA,2,NA,NA,NA,NA,NA,NA,NA,NA,NA,NA,NA,NA,NA,Data-Driven
R_8GHjs56dMRoZxmx,5/29/2020 18:35,Bordeaux,"1,2,3,5,6,7,8,9,10",iafric,0.318,0.318,0.318,0.318,0.318,0.318,0.318,0.318,0.318,0.318,0.318,0.318,2,2,2,4,NA,2,NA,NA,NA,NA,NA,NA,NA,NA,NA,NA,NA,NA,NA,Data-Driven
R_8GHjs56dMRoZxmx,5/29/2020 18:35,Bordeaux,"1,2,3,5,6,7,8,9,10",eafric,-0.07,-0.07,-0.07,-0.07,-0.07,-0.07,-0.07,-0.07,-0.07,-0.07,-0.07,-0.07,2,2,2,4,NA,2,NA,NA,NA,NA,NA,NA,NA,NA,NA,NA,NA,NA,NA,Data-Driven
R_8GHjs56dMRoZxmx,5/29/2020 18:35,Bordeaux,"1,2,3,5,6,7,8,9,10",igend,0.361,0.361,0.361,0.36,0.36,0.36,0.36,0.358,0.358,0.36,0.36,0.36,2,2,2,4,NA,2,NA,NA,NA,NA,NA,NA,NA,NA,NA,NA,NA,NA,NA,Data-Driven
R_8GHjs56dMRoZxmx,5/29/2020 18:35,Bordeaux,"1,2,3,5,6,7,8,9,10",egend,0.787,0.786,0.784,0.776,0.783,0.774,0.771,0.77,0.769,0.767,0.783,0.766,2,2,2,4,NA,2,NA,NA,NA,NA,NA,NA,NA,NA,NA,NA,NA,NA,NA,Data-Driven
R_2atXh38sPudPrH4,5/30/2020 0:04,Not a fortune teller,1,lifesat,6.3,6.3,6.3,6.3,6.4,6.4,6.4,6.4,6.4,6.4,6.4,6.4,2,4,1,"2,4",3,2,NA,NA,NA,NA,NA,NA,NA,NA,NA,NA,NA,NA,NA,Mixed
R_p6uyrcToHpWqW0p,5/30/2020 10:05,Alex,1,lifesat,2.5,3,3.5,3.5,3.5,3.5,3.5,3.5,3.7,3.8,3.9,4,3,6,2,1,4,1,5,396575,300000,200000,150000,100000,50000,30000,30000,30000,30000,20000,10000,Intuition/Theory
R_2EEjmCJXfoudK6K,5/30/2020 16:23,ForecastSnorecast,"5,7",iasian,0.42,0.425,0.43,0.435,0.44,0.445,0.45,0.43,0.41,0.4,0.39,0.36,5,9,1,"1,2",NA,2,NA,NA,NA,NA,NA,NA,NA,NA,NA,NA,NA,NA,NA,Intuition/Theory
R_2EEjmCJXfoudK6K,5/30/2020 16:23,ForecastSnorecast,"5,7",iafric,0.315,0.31,0.305,0.3,0.31,0.3,0.305,0.31,0.32,0.33,0.32,0.31,6,9,1,"1,2",NA,2,NA,NA,NA,NA,NA,NA,NA,NA,NA,NA,NA,NA,NA,Intuition/Theory
R_1E6tnVIZxJQDW8X,5/31/2020 14:51,Cynical Belief in the Inexorable Crush of the Wheel,"5,6,7,8",iasian,0.386282,0.386282,0.386282,0.386282,0.386282,0.406,0.406,0.386282,0.386282,0.386282,0.386282,0.386282,3,9,2,"1,2,4,5",0,2,NA,NA,NA,NA,NA,NA,NA,NA,NA,NA,NA,NA,NA,Mixed
R_1E6tnVIZxJQDW8X,5/31/2020 14:51,Cynical Belief in the Inexorable Crush of the Wheel,"5,6,7,8",easian,-0.037148,-0.037148,-0.037148,-0.037148,-0.037148,0.02,0.02,-0.037148,-0.037148,-0.037148,-0.037148,-0.037148,3,9,2,"1,2,4",0,2,NA,NA,NA,NA,NA,NA,NA,NA,NA,NA,NA,NA,NA,Mixed
R_1E6tnVIZxJQDW8X,5/31/2020 14:51,Cynical Belief in the Inexorable Crush of the Wheel,"5,6,7,8",iafric,0.3175501,0.3175501,0.3175501,0.3175501,0.3175501,0.3175501,0.3175501,0.3175501,0.3175501,0.3175501,0.3175501,0.3175501,3,10,1,"2,4",0,2,NA,NA,NA,NA,NA,NA,NA,NA,NA,NA,NA,NA,NA,Mixed
R_1E6tnVIZxJQDW8X,5/31/2020 14:51,Cynical Belief in the Inexorable Crush of the Wheel,"5,6,7,8",eafric,-0.0695762,-0.0695762,-0.034874629,-0.034874629,-0.034874629,-0.034874629,-0.034874629,-0.034874629,-0.034874629,-0.034874629,-0.034874629,-0.034874629,3,10,1,"1,2,4",0,2,NA,NA,NA,NA,NA,NA,NA,NA,NA,NA,NA,NA,NA,Mixed
R_28Opd7wWaGxLfce,6/1/2020 3:53,Renegade,"1,6",lifesat,6.472422477,6.478422477,6.484422477,6.490422477,6.496422477,6.502422477,6.508422477,6.514422477,6.520422477,6.526422477,6.532422477,6.538422477,5,5,1,"1,2",2,2,NA,NA,NA,NA,NA,NA,NA,NA,NA,NA,NA,NA,NA,Intuition/Theory
R_28Opd7wWaGxLfce,6/1/2020 3:53,Renegade,"1,6",easian,0.39,0.38,0.38,0.37,0.44,0.41,0.37,0.4,0.38,0.44,0.43,0.37,5,1,2,1,NA,2,NA,NA,NA,NA,NA,NA,NA,NA,NA,NA,NA,NA,NA,Intuition/Theory
R_1gw4q8OGemNDYMb,6/1/2020 12:33,DrT,1,lifesat,6.42463991,6.425749818,6.429886704,6.430397692,6.432877219,6.435328579,6.436420302,6.437216162,6.430557298,6.422992947,6.451760565,6.433666827,5,5,2,"2,4,5",2,2,NA,NA,NA,NA,NA,NA,NA,NA,NA,NA,NA,NA,NA,Mixed
R_8v4jsmqWvaaOyul,6/3/2020 19:47,Comet,1,lifesat,5,4,4,3,3,4,4,5,5,5,5,6,6,9,1,2,10,1,4,900,800,800,1200,1300,1400,1500,1300,1200,1200,900,800,Intuition/Theory
R_1gnp5eVythPBWYM,6/4/2020 1:28,The Well-Adjusted R Squares,"5,6,7,8,9,10",iasian,0.3886045,0.388715,0.3888256,0.3889362,0.3890468,0.3891574,0.389268,0.3893786,0.3894892,0.3895998,0.3897104,0.3898209,5,5,1,"1,2,4",NA,2,NA,NA,NA,NA,NA,NA,NA,NA,NA,NA,NA,NA,NA,Mixed
R_1gnp5eVythPBWYM,6/4/2020 1:28,The Well-Adjusted R Squares,"5,6,7,8,9,10",easian,-0.1017757,-0.1046566,-0.1075375,-0.1104184,-0.1132993,-0.1161802,-0.1190611,-0.121942,-0.1248229,-0.1277038,-0.1305847,-0.1334656,5,6,1,"1,2,4",NA,2,NA,NA,NA,NA,NA,NA,NA,NA,NA,NA,NA,NA,NA,Mixed
R_1gnp5eVythPBWYM,6/4/2020 1:28,The Well-Adjusted R Squares,"5,6,7,8,9,10",iafric,0.3134715,0.313218,0.3129645,0.312711,0.3124575,0.3122039,0.3119504,0.3116969,0.3114434,0.3111898,0.3109363,0.3106828,5,6,1,"1,2,4",NA,2,NA,NA,NA,NA,NA,NA,NA,NA,NA,NA,NA,NA,NA,Mixed
R_1gnp5eVythPBWYM,6/4/2020 1:28,The Well-Adjusted R Squares,"5,6,7,8,9,10",eafric,-0.1017757,-0.1046566,-0.1075375,-0.1104184,-0.1132993,-0.1161802,-0.1190611,-0.121942,-0.1248229,-0.1277038,-0.1305847,-0.1334656,5,6,1,"1,2,4",0,2,NA,NA,NA,NA,NA,NA,NA,NA,NA,NA,NA,NA,NA,Mixed
R_1gnp5eVythPBWYM,6/4/2020 1:28,The Well-Adjusted R Squares,"5,6,7,8,9,10",igend,0.3576008,0.3572433,0.3568859,0.3565284,0.3561709,0.3558134,0.355456,0.3550985,0.354741,0.3543836,0.3540261,0.3536686,5,5,1,"1,2,4",0,2,NA,NA,NA,NA,NA,NA,NA,NA,NA,NA,NA,NA,NA,Mixed
R_1gnp5eVythPBWYM,6/4/2020 1:28,The Well-Adjusted R Squares,"5,6,7,8,9,10",egend,0.7823498,0.77975,0.7771502,0.7745504,0.7719505,0.7693507,0.7667509,0.7641511,0.7615513,0.7589514,0.7563516,0.7537518,5,5,1,"1,2,4",0,2,NA,NA,NA,NA,NA,NA,NA,NA,NA,NA,NA,NA,NA,Mixed
R_1mjZatLwm6h4rGR,6/4/2020 4:57,meebe,"1,4,5",lifesat,6.5,6.3,6.2,6.3,6.3,6.2,6.2,6.3,6.3,6.2,6.3,6.3,5,9,1,"1,4",NA,NA,NA,NA,NA,NA,NA,NA,NA,NA,NA,NA,NA,NA,NA,Mixed
R_2y9FAXYABygvgUh,6/4/2020 6:51,HHH,1,lifesat,7,7,7,6,6,6,6,6,7,7,7,7,1,1,2,1,NA,1,4,NA,NA,NA,NA,NA,NA,NA,NA,NA,NA,NA,NA,Intuition/Theory
R_22zcoRoZJMzIfgj,6/5/2020 7:58,AbCdEfG,"1,2,3,5,6,7,8,9,10",lifesat,6.37,6.28,6.24,6.25,6.28,6.29,6.31,6.3,6.29,6.32,6.32,6.31,4,4,2,"1,4",NA,2,NA,NA,NA,NA,NA,NA,NA,NA,NA,NA,NA,NA,NA,Mixed
R_22zcoRoZJMzIfgj,6/5/2020 7:58,AbCdEfG,"1,2,3,5,6,7,8,9,10",posaffect,-0.9333,-1.1826,-0.983,-1.1532,-1.0396,-0.8595,-1.137,-1.3994,-0.9259,-0.9302,-1.2639,-1.0749,2,1,2,4,NA,2,NA,NA,NA,NA,NA,NA,NA,NA,NA,NA,NA,NA,NA,Data-Driven
R_22zcoRoZJMzIfgj,6/5/2020 7:58,AbCdEfG,"1,2,3,5,6,7,8,9,10",negaffect,0.9471,1.0161,0.9022,1.1364,1.047,0.816,1.0678,1.2088,0.882,0.97,1.1405,0.9941,2,1,2,4,NA,2,NA,NA,NA,NA,NA,NA,NA,NA,NA,NA,NA,NA,NA,Data-Driven
R_22zcoRoZJMzIfgj,6/5/2020 7:58,AbCdEfG,"1,2,3,5,6,7,8,9,10",ideolrep,37.5,36.9,36.31,35.79,35.35,34.99,34.68,34.43,34.22,34.05,33.9,33.78,1,4,1,4,NA,2,NA,NA,NA,NA,NA,NA,NA,NA,NA,NA,NA,NA,NA,Data-Driven
R_22zcoRoZJMzIfgj,6/5/2020 7:58,AbCdEfG,"1,2,3,5,6,7,8,9,10",ideoldem,47.8,47.65,47.5,47.36,47.22,47.1,46.98,46.88,46.79,46.7,46.63,46.57,1,4,1,4,NA,2,NA,NA,NA,NA,NA,NA,NA,NA,NA,NA,NA,NA,NA,Data-Driven
R_22zcoRoZJMzIfgj,6/5/2020 7:58,AbCdEfG,"1,2,3,5,6,7,8,9,10",iasian,0.3892,0.3882,0.388,0.388,0.388,0.388,0.388,0.388,0.388,0.388,0.388,0.388,2,1,2,4,1,2,NA,NA,NA,NA,NA,NA,NA,NA,NA,NA,NA,NA,NA,Data-Driven
R_22zcoRoZJMzIfgj,6/5/2020 7:58,AbCdEfG,"1,2,3,5,6,7,8,9,10",easian,-0.03579,-0.0366,-0.03664,-0.03665,-0.03665,-0.03665,-0.03665,-0.03665,-0.03665,-0.03665,-0.03665,-0.03665,1,1,2,4,1,2,NA,NA,NA,NA,NA,NA,NA,NA,NA,NA,NA,NA,NA,Data-Driven
R_22zcoRoZJMzIfgj,6/5/2020 7:58,AbCdEfG,"1,2,3,5,6,7,8,9,10",iafric,0.3166,0.3178,0.3176,0.3177,0.3179,0.318,0.318,0.318,0.3181,0.3181,0.3181,0.3181,1,1,2,4,1,2,NA,NA,NA,NA,NA,NA,NA,NA,NA,NA,NA,NA,NA,Data-Driven
R_22zcoRoZJMzIfgj,6/5/2020 7:58,AbCdEfG,"1,2,3,5,6,7,8,9,10",eafric,-0.05,-0.05,-0.05,-0.05,-0.05,-0.05,-0.05,-0.04,-0.04,-0.04,-0.04,-0.04,1,1,2,4,1,2,NA,NA,NA,NA,NA,NA,NA,NA,NA,NA,NA,NA,NA,Data-Driven
R_22zcoRoZJMzIfgj,6/5/2020 7:58,AbCdEfG,"1,2,3,5,6,7,8,9,10",igend,0.3638,0.3645,0.3648,0.365,0.3651,0.3651,0.3651,0.3651,0.3651,0.3651,0.3651,0.3651,1,1,2,4,1,2,NA,NA,NA,NA,NA,NA,NA,NA,NA,NA,NA,NA,NA,Data-Driven
R_22zcoRoZJMzIfgj,6/5/2020 7:58,AbCdEfG,"1,2,3,5,6,7,8,9,10",egend,0.8242,0.8287,0.8308,0.8319,0.8324,0.8326,0.8327,0.8328,0.8328,0.8328,0.8328,0.8328,1,1,2,4,1,2,NA,NA,NA,NA,NA,NA,NA,NA,NA,NA,NA,NA,NA,Data-Driven
R_rdz4BJNvZVJ9lF7,6/5/2020 15:02,NYHC,"3,4,5,6",ideolrep,31,35,38,40,43,45,48,47,46,45,44,43,4,6,1,1,2,1,6,NA,NA,NA,NA,NA,NA,NA,NA,NA,NA,NA,NA,Intuition/Theory
R_rdz4BJNvZVJ9lF7,6/5/2020 15:02,NYHC,"3,4,5,6",ideoldem,38,40,41,43,46,48,50,49,48,47,46,45,4,6,1,1,2,1,6,NA,NA,NA,NA,NA,NA,NA,NA,NA,NA,NA,NA,Intuition/Theory
R_rdz4BJNvZVJ9lF7,6/5/2020 15:02,NYHC,"3,4,5,6",polar,85,85,86,86,87,87,88,86,85,85,84,84,4,6,1,1,2,1,4,NA,NA,NA,NA,NA,NA,NA,NA,NA,NA,NA,NA,Intuition/Theory
R_rdz4BJNvZVJ9lF7,6/5/2020 15:02,NYHC,"3,4,5,6",iasian,0.42,0.43,0.43,0.44,0.44,0.45,0.45,0.44,0.44,0.43,0.43,0.42,4,6,1,1,2,1,4,NA,NA,NA,NA,NA,NA,NA,NA,NA,NA,NA,NA,Intuition/Theory
R_rdz4BJNvZVJ9lF7,6/5/2020 15:02,NYHC,"3,4,5,6",easian,0.13,0.14,0.15,0.16,0.17,0.18,0.19,0.18,0.18,0.17,0.17,0.16,4,6,1,1,2,1,4,NA,NA,NA,NA,NA,NA,NA,NA,NA,NA,NA,NA,Intuition/Theory
R_3oLLtQSJrtOKHZu,6/5/2020 20:17,Bluebirds,"1,2,3,5,6,7,8,9,10",lifesat,6.46841,6.4686,6.46863,6.46864,6.46864,6.46864,6.46864,6.46864,6.46864,6.46864,6.46864,6.46864,5,5,2,4,0,2,NA,NA,NA,NA,NA,NA,NA,NA,NA,NA,NA,NA,NA,Data-Driven
R_3oLLtQSJrtOKHZu,6/5/2020 20:17,Bluebirds,"1,2,3,5,6,7,8,9,10",posaffect,-0.999343,-1.30966,-0.842154,-1.00445,-1.30409,-0.848849,-1.00542,-1.29728,-0.854875,-1.00622,-1.29061,-0.855234,5,5,2,4,NA,2,NA,NA,NA,NA,NA,NA,NA,NA,NA,NA,NA,NA,NA,Data-Driven
R_3oLLtQSJrtOKHZu,6/5/2020 20:17,Bluebirds,"1,2,3,5,6,7,8,9,10",negaffect,1.03244,1.17127,0.945005,1.01603,1.17977,0.942003,1.01671,1.1786,0.94446,1.01434,1.17913,0.94446,5,5,2,4,NA,2,NA,NA,NA,NA,NA,NA,NA,NA,NA,NA,NA,NA,NA,Data-Driven
R_3oLLtQSJrtOKHZu,6/5/2020 20:17,Bluebirds,"1,2,3,5,6,7,8,9,10",ideolrep,37.625,37.1947,38.4808,39.0497,40.7266,41.716,41.1082,40.8005,40.2346,40.0212,40.3989,41.6016,5,5,2,4,0,2,NA,NA,NA,NA,NA,NA,NA,NA,NA,NA,NA,NA,NA,Data-Driven
R_3oLLtQSJrtOKHZu,6/5/2020 20:17,Bluebirds,"1,2,3,5,6,7,8,9,10",ideoldem,47.12,47.1905,47.228,47.2652,47.3024,47.3396,47.3768,47.414,47.4512,47.4884,47.5256,47.5628,5,5,2,4,0,2,NA,NA,NA,NA,NA,NA,NA,NA,NA,NA,NA,NA,NA,Data-Driven
R_3oLLtQSJrtOKHZu,6/5/2020 20:17,Bluebirds,"1,2,3,5,6,7,8,9,10",iasian,0.383,0.379,0.412,0.388,0.388,0.388,0.388,0.388,0.388,0.388,0.388,0.388,5,5,2,4,NA,1,6,NA,NA,NA,NA,NA,NA,NA,NA,NA,NA,NA,NA,Data-Driven
R_3oLLtQSJrtOKHZu,6/5/2020 20:17,Bluebirds,"1,2,3,5,6,7,8,9,10",easian,-0.0427656,0.00116419,-0.054445,-0.0823426,-0.122498,-0.0331561,-0.0395179,-0.0390649,-0.0390971,-0.0390948,-0.039095,-0.039095,5,5,2,4,NA,2,NA,NA,NA,NA,NA,NA,NA,NA,NA,NA,NA,NA,NA,Data-Driven
R_3oLLtQSJrtOKHZu,6/5/2020 20:17,Bluebirds,"1,2,3,5,6,7,8,9,10",iafric,0.318746,0.318609,0.318563,0.318547,0.318542,0.31854,0.318539,0.318539,0.318539,0.318539,0.318539,0.318539,5,5,2,4,NA,2,NA,NA,NA,NA,NA,NA,NA,NA,NA,NA,NA,NA,NA,Data-Driven
R_3oLLtQSJrtOKHZu,6/5/2020 20:17,Bluebirds,"1,2,3,5,6,7,8,9,10",eafric,-0.0823284,-0.0856078,-0.0881803,-0.0904201,-0.0925032,-0.0945125,-0.0964872,-0.0984455,-0.100396,-0.102343,-0.104288,-0.106202,5,5,2,4,NA,2,NA,NA,NA,NA,NA,NA,NA,NA,NA,NA,NA,NA,NA,Data-Driven
R_3oLLtQSJrtOKHZu,6/5/2020 20:17,Bluebirds,"1,2,3,5,6,7,8,9,10",igend,0.361,0.361,0.361,0.361,0.361,0.361,0.361,0.361,0.361,0.361,0.361,0.361,5,5,2,4,NA,2,NA,NA,NA,NA,NA,NA,NA,NA,NA,NA,NA,NA,NA,Data-Driven
R_3oLLtQSJrtOKHZu,6/5/2020 20:17,Bluebirds,"1,2,3,5,6,7,8,9,10",egend,0.784076,0.781587,0.779097,0.776608,0.774119,0.77163,0.769141,0.766651,0.764162,0.761673,0.759184,0.757014,5,5,2,4,NA,2,NA,NA,NA,NA,NA,NA,NA,NA,NA,NA,NA,NA,NA,Data-Driven
R_3G7H7ETfkJCYd3T,6/6/2020 4:34,MLTS,"1,2,3,4,5,6,7,8,9,10",lifesat,6.454638819,6.453416235,6.431747525,6.427728411,6.436624997,6.438309353,6.444751017,6.454662154,6.449976618,6.450420236,6.457250484,6.462453006,2,1,2,4,NA,2,NA,NA,NA,NA,NA,NA,NA,NA,NA,NA,NA,NA,NA,Data-Driven
R_3G7H7ETfkJCYd3T,6/6/2020 4:34,MLTS,"1,2,3,4,5,6,7,8,9,10",posaffect,-0.963901588,-0.946688753,-1.036746978,-1.018969282,-0.970778336,-0.998721373,-1.020333845,-0.997319498,-0.992835442,-1.009646046,-1.008100168,-0.999515746,2,1,2,4,NA,2,NA,NA,NA,NA,NA,NA,NA,NA,NA,NA,NA,NA,NA,Data-Driven
R_3G7H7ETfkJCYd3T,6/6/2020 4:34,MLTS,"1,2,3,4,5,6,7,8,9,10",negaffect,0.984829206,0.985130777,0.985432348,0.985733918,0.986035489,0.98633706,0.986638631,0.986940202,0.987241772,0.987543343,0.987844914,0.988146485,2,1,2,4,NA,2,NA,NA,NA,NA,NA,NA,NA,NA,NA,NA,NA,NA,NA,Data-Driven
R_3G7H7ETfkJCYd3T,6/6/2020 4:34,MLTS,"1,2,3,4,5,6,7,8,9,10",ideolrep,35.04883061,34.64922938,34.57181673,34.7625017,35.1515189,35.62795288,36.09007126,36.45161105,36.66215373,36.70756116,36.60849622,36.40972979,1,2,2,4,NA,2,NA,NA,NA,NA,NA,NA,NA,NA,NA,NA,NA,NA,NA,Data-Driven
R_3G7H7ETfkJCYd3T,6/6/2020 4:34,MLTS,"1,2,3,4,5,6,7,8,9,10",ideoldem,43.88647638,43.9003893,43.91430223,43.92821515,43.94212807,43.95604099,43.96995391,43.98386683,43.99777976,44.01169268,44.0256056,44.03951852,1,2,2,4,NA,2,NA,NA,NA,NA,NA,NA,NA,NA,NA,NA,NA,NA,NA,Data-Driven
R_3G7H7ETfkJCYd3T,6/6/2020 4:34,MLTS,"1,2,3,4,5,6,7,8,9,10",polar,82.33795329,82.41098357,82.78823897,82.69432423,83.02613923,82.87016939,82.59060404,83.09113373,82.58879504,82.84284032,83.16648926,82.59495695,1,2,2,4,NA,2,NA,NA,NA,NA,NA,NA,NA,NA,NA,NA,NA,NA,NA,Data-Driven
R_3G7H7ETfkJCYd3T,6/6/2020 4:34,MLTS,"1,2,3,4,5,6,7,8,9,10",iasian,0.386998726,0.387017158,0.38703559,0.387054021,0.387072453,0.387090885,0.387109316,0.387127748,0.38714618,0.387164611,0.387183043,0.387201475,2,2,2,4,NA,2,NA,NA,NA,NA,NA,NA,NA,NA,NA,NA,NA,NA,NA,Data-Driven
R_3G7H7ETfkJCYd3T,6/6/2020 4:34,MLTS,"1,2,3,4,5,6,7,8,9,10",easian,-0.032623824,-0.032507584,-0.032391344,-0.032275104,-0.032158865,-0.032042625,-0.031926385,-0.031810145,-0.031693905,-0.031577665,-0.031461425,-0.031345185,2,2,2,4,NA,2,NA,NA,NA,NA,NA,NA,NA,NA,NA,NA,NA,NA,NA,Data-Driven
R_3G7H7ETfkJCYd3T,6/6/2020 4:34,MLTS,"1,2,3,4,5,6,7,8,9,10",iafric,0.317386265,0.317344011,0.317301757,0.317259503,0.317217249,0.317174996,0.317132742,0.317090488,0.317048234,0.31700598,0.316963726,0.316921472,2,2,2,4,NA,2,NA,NA,NA,NA,NA,NA,NA,NA,NA,NA,NA,NA,NA,Data-Driven
R_3G7H7ETfkJCYd3T,6/6/2020 4:34,MLTS,"1,2,3,4,5,6,7,8,9,10",eafric,-0.070721664,-0.071255165,-0.071788666,-0.072322167,-0.072855668,-0.073389169,-0.07392267,-0.074456171,-0.074989672,-0.075523173,-0.076056674,-0.076590175,2,2,2,4,NA,2,NA,NA,NA,NA,NA,NA,NA,NA,NA,NA,NA,NA,NA,Data-Driven
R_3G7H7ETfkJCYd3T,6/6/2020 4:34,MLTS,"1,2,3,4,5,6,7,8,9,10",igend,0.360005116,0.359828593,0.359652071,0.359475549,0.359299027,0.359122504,0.358945982,0.35876946,0.358592937,0.358416415,0.358239893,0.358063371,2,2,2,4,NA,2,NA,NA,NA,NA,NA,NA,NA,NA,NA,NA,NA,NA,NA,Data-Driven
R_3G7H7ETfkJCYd3T,6/6/2020 4:34,MLTS,"1,2,3,4,5,6,7,8,9,10",egend,0.782773725,0.781474352,0.78017498,0.778875607,0.777576235,0.776276862,0.77497749,0.773678117,0.772378745,0.771079372,0.76978,0.768480627,2,2,2,4,NA,2,NA,NA,NA,NA,NA,NA,NA,NA,NA,NA,NA,NA,NA,Data-Driven
R_3m7AEUY4kJUOy2p,6/6/2020 10:03,Korrigan,1,lifesat,6.4,6.25,6.3,6.35,6.38,6.38,6.55,6.6,6.5,6.48,6.46,6.48,2,6,1,"1,2",7,1,6,NA,NA,NA,NA,NA,NA,NA,NA,NA,NA,NA,NA,Intuition/Theory
R_3GeUUZmieHau8Rz,6/6/2020 16:39,Tosbik,"3,4,5,6,7,8",ideolrep,35,34,34,36,37,33,32,34,36,36,35,34,5,5,2,1,1,2,NA,NA,NA,NA,NA,NA,NA,NA,NA,NA,NA,NA,NA,Intuition/Theory
R_3GeUUZmieHau8Rz,6/6/2020 16:39,Tosbik,"3,4,5,6,7,8",ideoldem,45,46,47,47,48,48,49,47,45,44,44,43,5,5,2,1,1,2,NA,NA,NA,NA,NA,NA,NA,NA,NA,NA,NA,NA,NA,Intuition/Theory
R_3GeUUZmieHau8Rz,6/6/2020 16:39,Tosbik,"3,4,5,6,7,8",polar,79,80,82,82,83,84,84,82,80,78,78,77,4,4,2,1,2,2,NA,NA,NA,NA,NA,NA,NA,NA,NA,NA,NA,NA,NA,Intuition/Theory
R_3GeUUZmieHau8Rz,6/6/2020 16:39,Tosbik,"3,4,5,6,7,8",iasian,0.4,0.42,0.4,0.41,0.4,0.43,0.43,0.44,0.42,0.41,0.4,0.4,5,6,2,2,1,1,5,NA,NA,NA,NA,NA,NA,NA,NA,NA,NA,NA,NA,Intuition/Theory
R_3GeUUZmieHau8Rz,6/6/2020 16:39,Tosbik,"3,4,5,6,7,8",easian,0.13,0.14,0.14,0.12,0.13,0.11,0.1,0.09,0.06,0.03,0.01,0.01,5,6,2,1,1,1,5,NA,NA,NA,NA,NA,NA,NA,NA,NA,NA,NA,NA,Intuition/Theory
R_3GeUUZmieHau8Rz,6/6/2020 16:39,Tosbik,"3,4,5,6,7,8",iafric,0.33,0.32,0.31,0.33,0.32,0.32,0.31,0.3,0.32,0.31,0.3,0.31,5,6,2,2,1,2,NA,NA,NA,NA,NA,NA,NA,NA,NA,NA,NA,NA,NA,Intuition/Theory
R_3GeUUZmieHau8Rz,6/6/2020 16:39,Tosbik,"3,4,5,6,7,8",eafric,-0.07,-0.09,-0.1,-0.11,-0.09,-0.1,-0.12,-0.12,-0.1,-0.13,-0.14,-0.13,6,6,2,1,1,2,NA,NA,NA,NA,NA,NA,NA,NA,NA,NA,NA,NA,NA,Intuition/Theory
R_1cUmnrLL3pNI6X1,6/6/2020 17:10,platypus,1,lifesat,4.581775883,6.008450876,5.582237763,5.948120104,6.0088404,6.0426352,6.07643,6.1017761,6.100196704,6.090739159,6.018981922,5.974150181,3,6,2,"1,2,4",3,1,5,876345,725234,185000,62000,0,0,0,0,62000,123000,308000,431000,Mixed
R_2QEsKcVwjBbb3Lr,6/6/2020 17:15,Junesix,"3,4",ideolrep,34,34,35,36,37,38,40,39,39,41,41,43,3,6,1,"2,4",1,2,NA,NA,NA,NA,NA,NA,NA,NA,NA,NA,NA,NA,NA,Mixed
R_2QEsKcVwjBbb3Lr,6/6/2020 17:15,Junesix,"3,4",ideoldem,45,45,46,46,45,45,46,46,46,47,46,47,3,6,1,"2,4",1,2,NA,NA,NA,NA,NA,NA,NA,NA,NA,NA,NA,NA,NA,Mixed
R_2QEsKcVwjBbb3Lr,6/6/2020 17:15,Junesix,"3,4",polar,82,84,86,85,87,89,89,87,86,85,86,87,3,9,1,"2,4",1,2,NA,NA,NA,NA,NA,NA,NA,NA,NA,NA,NA,NA,NA,Mixed
R_0c5ro6cmDAEkigF,6/6/2020 18:00,ForeverJung90,"2,4,8,10",posaffect,-1.1,-0.9,-0.9,-0.9,-0.9,-0.9,-1.1,-1.1,-1.2,-1.2,-1.2,-1.2,5,9,1,"1,2",0,2,NA,NA,NA,NA,NA,NA,NA,NA,NA,NA,NA,NA,NA,Intuition/Theory
R_0c5ro6cmDAEkigF,6/6/2020 18:00,ForeverJung90,"2,4,8,10",negaffect,1.5,1.5,1.5,1.5,1.4,1.4,1,1,1.1,1.1,1.1,1.1,5,9,1,"1,2",0,2,NA,NA,NA,NA,NA,NA,NA,NA,NA,NA,NA,NA,NA,Intuition/Theory
R_0c5ro6cmDAEkigF,6/6/2020 18:00,ForeverJung90,"2,4,8,10",polar,82,89,89,89,89,89,92,92,75,75,77,77,5,9,1,"1,2",NA,2,NA,NA,NA,NA,NA,NA,NA,NA,NA,NA,NA,NA,NA,Intuition/Theory
R_0c5ro6cmDAEkigF,6/6/2020 18:00,ForeverJung90,"2,4,8,10",eafric,-0.06,0.03,0.03,0.03,0.03,0.05,0.04,0.04,0,-0.05,-0.05,-0.05,6,10,1,"1,2",NA,2,NA,NA,NA,NA,NA,NA,NA,NA,NA,NA,NA,NA,NA,Intuition/Theory
R_0c5ro6cmDAEkigF,6/6/2020 18:00,ForeverJung90,"2,4,8,10",egend,0.81,0.81,0.81,0.85,0.85,0.85,0.81,0.81,0.8,0.82,0.82,0.82,6,10,1,"1,2",NA,2,NA,NA,NA,NA,NA,NA,NA,NA,NA,NA,NA,NA,NA,Intuition/Theory
R_1oaRGDe9cvpFKUI,6/6/2020 23:06,Waterloo Purple Jackets,1,lifesat,6.421657133,6.404696788,6.380576899,6.36,6.37,6.4,6.42,6.44,6.43,6.42,6.41,6.42,5,4,2,4,3,2,NA,NA,NA,NA,NA,NA,NA,NA,NA,NA,NA,NA,NA,Data-Driven
R_2aqnCmMqeKGKVmb,6/7/2020 2:18,LongerSquigglyLines,"1,2,3,4,5,6,7,8,9,10",lifesat,6.480284,6.411449,6.336848,6.375438,6.386695,6.411736,6.407938,6.437951,6.451646,6.466238,6.459458,6.447009,5,5,2,4,NA,2,NA,NA,NA,NA,NA,NA,NA,NA,NA,NA,NA,NA,NA,Data-Driven
R_2aqnCmMqeKGKVmb,6/7/2020 2:18,LongerSquigglyLines,"1,2,3,4,5,6,7,8,9,10",posaffect,-0.493233,-0.79957,-1.291247,-1.506659,-0.435867,-0.849806,-1.264781,-1.458446,-0.7979,-0.760297,-1.243443,-1.228803,6,10,1,4,NA,2,NA,NA,NA,NA,NA,NA,NA,NA,NA,NA,NA,NA,NA,Data-Driven
R_2aqnCmMqeKGKVmb,6/7/2020 2:18,LongerSquigglyLines,"1,2,3,4,5,6,7,8,9,10",negaffect,0.710697,0.80337,0.971229,1.505267,0.811257,0.836564,1.017887,1.390591,0.871955,0.754317,1.1283,1.236912,6,10,1,4,NA,2,NA,NA,NA,NA,NA,NA,NA,NA,NA,NA,NA,NA,NA,Data-Driven
R_2aqnCmMqeKGKVmb,6/7/2020 2:18,LongerSquigglyLines,"1,2,3,4,5,6,7,8,9,10",ideolrep,33.716,32.488,32.226,32.769,33.906,35.306,36.662,37.717,38.32,38.426,38.099,37.473,5,9,1,4,NA,2,NA,NA,NA,NA,NA,NA,NA,NA,NA,NA,NA,NA,NA,Data-Driven
R_2aqnCmMqeKGKVmb,6/7/2020 2:18,LongerSquigglyLines,"1,2,3,4,5,6,7,8,9,10",ideoldem,43.75,43.75,43.75,43.75,43.75,43.75,43.75,43.75,43.75,43.75,43.75,43.75,5,9,1,4,NA,2,NA,NA,NA,NA,NA,NA,NA,NA,NA,NA,NA,NA,NA,Data-Driven
R_2aqnCmMqeKGKVmb,6/7/2020 2:18,LongerSquigglyLines,"1,2,3,4,5,6,7,8,9,10",polar,85.925523,87.004302,88.440023,80.150398,84.22451,86.806114,85.154253,86.924462,89.496445,88.460859,86.570285,88.326855,6,9,1,4,NA,2,NA,NA,NA,NA,NA,NA,NA,NA,NA,NA,NA,NA,NA,Data-Driven
R_2aqnCmMqeKGKVmb,6/7/2020 2:18,LongerSquigglyLines,"1,2,3,4,5,6,7,8,9,10",iasian,0.372507,0.334525,0.386056,0.364222,0.393331,0.398675,0.378888,0.334726,0.339738,0.391988,0.387662,0.363785,5,6,2,4,NA,2,NA,NA,NA,NA,NA,NA,NA,NA,NA,NA,NA,NA,NA,Data-Driven
R_2aqnCmMqeKGKVmb,6/7/2020 2:18,LongerSquigglyLines,"1,2,3,4,5,6,7,8,9,10",easian,-0.10991,0.049419,-0.077526,-0.14619,-0.036236,0.028226,-0.103182,0.004246,-0.08988,-0.02212,0.026554,-0.144069,4,5,2,4,NA,2,NA,NA,NA,NA,NA,NA,NA,NA,NA,NA,NA,NA,NA,Data-Driven
R_2aqnCmMqeKGKVmb,6/7/2020 2:18,LongerSquigglyLines,"1,2,3,4,5,6,7,8,9,10",iafric,0.332312,0.322258,0.320062,0.294682,0.320668,0.330294,0.321792,0.318394,0.319167,0.311965,0.323192,0.327273,4,5,2,4,NA,2,NA,NA,NA,NA,NA,NA,NA,NA,NA,NA,NA,NA,NA,Data-Driven
R_2aqnCmMqeKGKVmb,6/7/2020 2:18,LongerSquigglyLines,"1,2,3,4,5,6,7,8,9,10",eafric,-0.024326,-0.067146,-0.123192,-0.143078,-0.136272,-0.16062,-0.142415,-0.061866,-0.095618,-0.14626,-0.129957,-0.139493,4,5,2,4,NA,2,NA,NA,NA,NA,NA,NA,NA,NA,NA,NA,NA,NA,NA,Data-Driven
R_2aqnCmMqeKGKVmb,6/7/2020 2:18,LongerSquigglyLines,"1,2,3,4,5,6,7,8,9,10",igend,0.370685,0.346239,0.331944,0.378714,0.348919,0.355908,0.360306,0.355144,0.333946,0.353772,0.360745,0.355293,4,5,2,4,NA,2,NA,NA,NA,NA,NA,NA,NA,NA,NA,NA,NA,NA,NA,Data-Driven
R_2aqnCmMqeKGKVmb,6/7/2020 2:18,LongerSquigglyLines,"1,2,3,4,5,6,7,8,9,10",egend,0.783649,0.728947,0.878209,0.861672,0.763955,0.739627,0.66998,0.790109,0.787122,0.737026,0.768285,0.798529,4,5,2,4,NA,2,NA,NA,NA,NA,NA,NA,NA,NA,NA,NA,NA,NA,NA,Data-Driven
R_2WCOi1uh4qS2VYm,6/7/2020 3:17,Turing Tesla Solutions,"3,4,6,8",eafric,-0.1,0,0.1,0.1,0.1,0.1,0.1,0.1,0.1,0.1,0.1,0.1,1,5,2,1,NA,NA,NA,NA,NA,NA,NA,NA,NA,NA,NA,NA,NA,NA,NA,Intuition/Theory
R_3rTfOKhM5Oxh2Qr,6/7/2020 9:45,A Woman Scientist,"1,2,3,4,5,6,7,8,9,10",lifesat,6.4,6.3,6.3,6.3,6.4,6.4,6.4,6.44,6.38,6.36,6.35,6.4,5,5,2,1,40,1,5,650000,660000,670000,680000,700000,650000,640000,550000,500000,450000,450000,500000,Intuition/Theory
R_3rTfOKhM5Oxh2Qr,6/7/2020 9:45,A Woman Scientist,"1,2,3,4,5,6,7,8,9,10",posaffect,-0.8,-0.95,-0.9,-0.8,-1.4,-1.2,-1.3,-0.8,-1,-0.4,-1.15,-0.8,5,5,2,"1,4",NA,2,NA,NA,NA,NA,NA,NA,NA,NA,NA,NA,NA,NA,NA,Mixed
R_3rTfOKhM5Oxh2Qr,6/7/2020 9:45,A Woman Scientist,"1,2,3,4,5,6,7,8,9,10",negaffect,1.45,1.35,1.4,1.45,1,1.2,1.1,1.45,1.25,1.45,1.25,1.45,5,5,2,"1,4",NA,2,NA,NA,NA,NA,NA,NA,NA,NA,NA,NA,NA,NA,NA,Mixed
R_3rTfOKhM5Oxh2Qr,6/7/2020 9:45,A Woman Scientist,"1,2,3,4,5,6,7,8,9,10",ideolrep,38,39,36,35,36,34,35,36,37,35,35,34,4,5,2,1,NA,2,NA,NA,NA,NA,NA,NA,NA,NA,NA,NA,NA,NA,NA,Intuition/Theory
R_3rTfOKhM5Oxh2Qr,6/7/2020 9:45,A Woman Scientist,"1,2,3,4,5,6,7,8,9,10",ideoldem,40,39,41,43,45,40,41,42,43,41,41,40,4,5,2,1,NA,2,NA,NA,NA,NA,NA,NA,NA,NA,NA,NA,NA,NA,NA,Intuition/Theory
R_3rTfOKhM5Oxh2Qr,6/7/2020 9:45,A Woman Scientist,"1,2,3,4,5,6,7,8,9,10",polar,82,84,80,83,80,84,80,84,81,85,81,86,4,5,2,1,NA,NA,NA,NA,NA,NA,NA,NA,NA,NA,NA,NA,NA,NA,NA,Intuition/Theory
R_3rTfOKhM5Oxh2Qr,6/7/2020 9:45,A Woman Scientist,"1,2,3,4,5,6,7,8,9,10",iasian,0.43,0.41,0.38,0.42,0.44,0.42,0.43,0.44,0.43,0.45,0.38,0.46,4,5,2,1,NA,NA,NA,NA,NA,NA,NA,NA,NA,NA,NA,NA,NA,NA,NA,Intuition/Theory
R_3rTfOKhM5Oxh2Qr,6/7/2020 9:45,A Woman Scientist,"1,2,3,4,5,6,7,8,9,10",easian,0.1,-0.05,0.11,0.08,-0.02,0.06,0,0.05,0.01,0.07,0.03,0.1,4,5,2,1,NA,NA,NA,NA,NA,NA,NA,NA,NA,NA,NA,NA,NA,NA,NA,Intuition/Theory
R_3rTfOKhM5Oxh2Qr,6/7/2020 9:45,A Woman Scientist,"1,2,3,4,5,6,7,8,9,10",iafric,0.33,0.32,0.32,0.33,0.33,0.34,0.33,0.33,0.31,0.33,0.34,0.34,4,5,2,1,NA,NA,NA,NA,NA,NA,NA,NA,NA,NA,NA,NA,NA,NA,NA,Intuition/Theory
R_3rTfOKhM5Oxh2Qr,6/7/2020 9:45,A Woman Scientist,"1,2,3,4,5,6,7,8,9,10",eafric,-0.07,-0.08,-0.09,-0.1,-0.08,-0.07,-0.08,-0.07,-0.1,-0.11,-0.08,-0.08,4,5,2,1,NA,NA,NA,NA,NA,NA,NA,NA,NA,NA,NA,NA,NA,NA,NA,Intuition/Theory
R_3rTfOKhM5Oxh2Qr,6/7/2020 9:45,A Woman Scientist,"1,2,3,4,5,6,7,8,9,10",igend,0.37,0.38,0.37,0.39,0.38,0.37,0.38,0.37,0.38,0.35,0.38,0.37,4,5,2,1,NA,NA,NA,NA,NA,NA,NA,NA,NA,NA,NA,NA,NA,NA,NA,Intuition/Theory
R_3rTfOKhM5Oxh2Qr,6/7/2020 9:45,A Woman Scientist,"1,2,3,4,5,6,7,8,9,10",egend,0.8,0.76,0.82,0.78,0.81,0.76,0.84,0.79,0.81,0.79,0.84,0.87,4,5,2,1,NA,2,NA,NA,NA,NA,NA,NA,NA,NA,NA,NA,NA,NA,NA,Intuition/Theory
R_1hHgqlFAgXCR12p,6/7/2020 13:15,BRTWN,"1,2,3,4,5,6,7,8,9,10",lifesat,6.460422,6.460422,6.460422,6.460422,6.460422,6.460422,6.460422,6.460422,6.460422,6.460422,6.460422,6.460422,4,5,2,4,NA,2,NA,NA,NA,NA,NA,NA,NA,NA,NA,NA,NA,NA,NA,Data-Driven
R_1hHgqlFAgXCR12p,6/7/2020 13:15,BRTWN,"1,2,3,4,5,6,7,8,9,10",posaffect,-0.8718201,-0.8182955,-1.0865841,-1.0313649,-0.884906,-0.966849,-1.0298003,-0.9588712,-0.9435329,-0.9920787,-0.9855549,-0.9579156,4,5,2,4,NA,2,NA,NA,NA,NA,NA,NA,NA,NA,NA,NA,NA,NA,NA,Data-Driven
R_1hHgqlFAgXCR12p,6/7/2020 13:15,BRTWN,"1,2,3,4,5,6,7,8,9,10",negaffect,0.9243366,0.9198901,1.0703853,0.9266996,0.9312765,1.0570666,0.9294482,0.9406549,1.045369,0.9324263,0.9483382,1.0351272,4,5,2,4,NA,2,NA,NA,NA,NA,NA,NA,NA,NA,NA,NA,NA,NA,NA,Data-Driven
R_1hHgqlFAgXCR12p,6/7/2020 13:15,BRTWN,"1,2,3,4,5,6,7,8,9,10",ideolrep,33.71636,32.48795,32.22611,32.76857,33.90602,35.30572,36.66247,37.71749,38.31951,38.42613,38.09934,37.47344,4,5,2,4,NA,2,NA,NA,NA,NA,NA,NA,NA,NA,NA,NA,NA,NA,NA,Data-Driven
R_1hHgqlFAgXCR12p,6/7/2020 13:15,BRTWN,"1,2,3,4,5,6,7,8,9,10",ideoldem,43.75,43.75,43.75,43.75,43.75,43.75,43.75,43.75,43.75,43.75,43.75,43.75,4,5,2,4,NA,2,NA,NA,NA,NA,NA,NA,NA,NA,NA,NA,NA,NA,NA,Data-Driven
R_1hHgqlFAgXCR12p,6/7/2020 13:15,BRTWN,"1,2,3,4,5,6,7,8,9,10",polar,82.7994,82.7994,82.7994,82.7994,82.7994,82.7994,82.7994,82.7994,82.7994,82.7994,82.7994,82.7994,4,5,2,4,NA,2,NA,NA,NA,NA,NA,NA,NA,NA,NA,NA,NA,NA,NA,Data-Driven
R_1hHgqlFAgXCR12p,6/7/2020 13:15,BRTWN,"1,2,3,4,5,6,7,8,9,10",iasian,0.3862821,0.3862821,0.3862821,0.3862821,0.3862821,0.3862821,0.3862821,0.3862821,0.3862821,0.3862821,0.3862821,0.3862821,4,5,2,4,NA,2,NA,NA,NA,NA,NA,NA,NA,NA,NA,NA,NA,NA,NA,Data-Driven
R_1hHgqlFAgXCR12p,6/7/2020 13:15,BRTWN,"1,2,3,4,5,6,7,8,9,10",easian,-0.04,-0.04,-0.04,-0.04,-0.04,-0.04,-0.04,-0.04,-0.04,-0.04,-0.04,-0.04,4,5,2,4,NA,2,NA,NA,NA,NA,NA,NA,NA,NA,NA,NA,NA,NA,NA,Data-Driven
R_1hHgqlFAgXCR12p,6/7/2020 13:15,BRTWN,"1,2,3,4,5,6,7,8,9,10",iafric,0.3175501,0.3175501,0.3175501,0.3175501,0.3175501,0.3175501,0.3175501,0.3175501,0.3175501,0.3175501,0.3175501,0.3175501,4,5,2,4,NA,2,NA,NA,NA,NA,NA,NA,NA,NA,NA,NA,NA,NA,NA,Data-Driven
R_1hHgqlFAgXCR12p,6/7/2020 13:15,BRTWN,"1,2,3,4,5,6,7,8,9,10",eafric,-0.0695762,-0.0695762,-0.0695762,-0.0695762,-0.0695762,-0.0695762,-0.0695762,-0.0695762,-0.0695762,-0.0695762,-0.0695762,-0.0695762,4,5,2,4,NA,2,NA,NA,NA,NA,NA,NA,NA,NA,NA,NA,NA,NA,NA,Data-Driven
R_1hHgqlFAgXCR12p,6/7/2020 13:15,BRTWN,"1,2,3,4,5,6,7,8,9,10",igend,0.3617207,0.3617207,0.3617207,0.3617207,0.3617207,0.3617207,0.3617207,0.3617207,0.3617207,0.3617207,0.3617207,0.36,4,5,2,4,NA,2,NA,NA,NA,NA,NA,NA,NA,NA,NA,NA,NA,NA,NA,Data-Driven
R_1hHgqlFAgXCR12p,6/7/2020 13:15,BRTWN,"1,2,3,4,5,6,7,8,9,10",egend,0.7912628,0.7912628,0.7912628,0.7912628,0.7912628,0.7912628,0.7912628,0.7912628,0.7912628,0.7912628,0.7912628,0.7912628,4,5,2,4,NA,2,NA,NA,NA,NA,NA,NA,NA,NA,NA,NA,NA,NA,NA,Data-Driven
R_26gVPADEgjZU0WR,6/7/2020 15:00,The Forecasting Four,"1,2",lifesat,6.08,6.095,6.14,6.24,6.28,6.23,6.3,6.36,6.33,6.33,6.37,6.34,3,5,1,"1,2",20,1,5,100000,63000,49000,50000,60000,55000,45000,40000,30000,10000,5000,500,Intuition/Theory
R_1gSdkjbKq3WwAUh,6/7/2020 15:00,Dog's Sense,"1,2,3,4,5,6,9,10",lifesat,5.9,5.85,5.9,5.9,6,6.05,6.1,6.15,6.2,6.2,6.15,6.2,5,5,2,4,NA,2,NA,NA,NA,NA,NA,NA,NA,NA,NA,NA,NA,NA,NA,Data-Driven
R_26gVPADEgjZU0WR,6/7/2020 15:00,The Forecasting Four,"1,2",posaffect,-1.23,-1.3,-1.17,-1.03,-1.06,-1.13,-0.85,-0.93,-0.99,-0.96,-1.05,-1.05,5,4,2,"1,2",21,1,5,100000,63000,49000,48000,60000,55000,45000,40000,30000,10000,5000,500,Intuition/Theory
R_26gVPADEgjZU0WR,6/7/2020 15:00,The Forecasting Four,"1,2",negaffect,1.35,1.42,1.15,1.02,1.15,1.03,0.92,0.93,0.86,0.95,1.08,1.02,5,4,2,"1,2",21,1,5,100000,63000,49000,48000,60000,55000,45000,40000,30000,10000,5000,500,Intuition/Theory
R_WBbdNjHbVRZjNuh,6/7/2020 16:55,The Nowcast,"3,4",ideolrep,35.56,37.48,38,38.5,38.75,39.25,39.5,38,38,38,38,38,3,5,1,"1,2,4",3,2,NA,NA,NA,NA,NA,NA,NA,NA,NA,NA,NA,NA,NA,Mixed
R_WBbdNjHbVRZjNuh,6/7/2020 16:55,The Nowcast,"3,4",ideoldem,43.64,47.34,47.5,47.75,48,48.5,49,47,47,47,47,47,3,5,1,"1,2,4",3,2,NA,NA,NA,NA,NA,NA,NA,NA,NA,NA,NA,NA,NA,Mixed
R_WBbdNjHbVRZjNuh,6/7/2020 16:55,The Nowcast,"3,4",polar,80,81,82,84,86,87,84,69,69,69,69,69,3,5,1,"1,2,4",2,2,NA,NA,NA,NA,NA,NA,NA,NA,NA,NA,NA,NA,NA,Mixed
R_1E9Vmltguj3p3XY,6/7/2020 17:00,Erebuni,"3,6",ideolrep,39,39,42,42,44,47,48,47,43,42,41,42,2,1,2,"1,2",1,1,6,NA,NA,NA,NA,NA,NA,NA,NA,NA,NA,NA,NA,Intuition/Theory
R_1E9Vmltguj3p3XY,6/7/2020 17:00,Erebuni,"3,6",ideoldem,44,43,42,42,43,45,46,46,46,45,44,43,2,1,2,"1,2",1,1,6,NA,NA,NA,NA,NA,NA,NA,NA,NA,NA,NA,NA,Intuition/Theory
R_1E9Vmltguj3p3XY,6/7/2020 17:00,Erebuni,"3,6",easian,0.11,0.12,0.08,0.05,0.04,0.04,0.03,0.04,0.05,0.06,0.07,0.07,2,1,2,"1,2",3,1,6,NA,NA,NA,NA,NA,NA,NA,NA,NA,NA,NA,NA,Intuition/Theory
R_3Jy3sJjiPQstAk5,6/7/2020 17:45,Turing Tesla Solutions,"3,4,6,8",ideolrep,38,40,38,35,37,39,40,38,38,38,38,38,4,5,2,"1,3",NA,1,NA,NA,NA,NA,NA,NA,NA,NA,NA,NA,NA,NA,NA,Mixed
R_3Jy3sJjiPQstAk5,6/7/2020 17:45,Turing Tesla Solutions,"3,4,6,8",ideoldem,47,46,48,49,47,45,43,45,45,45,45,45,4,5,2,"1,3",NA,1,NA,NA,NA,NA,NA,NA,NA,NA,NA,NA,NA,NA,NA,Mixed
R_3Jy3sJjiPQstAk5,6/7/2020 17:45,Turing Tesla Solutions,"3,4,6,8",polar,85,85,90,90,90,90,90,90,85,80,75,75,4,5,2,"1,3",NA,1,NA,NA,NA,NA,NA,NA,NA,NA,NA,NA,NA,NA,NA,Mixed
R_3Jy3sJjiPQstAk5,6/7/2020 17:45,Turing Tesla Solutions,"3,4,6,8",easian,0.1,0.2,0.3,0.3,0.3,0.3,0.3,0.3,0.3,0.3,0.3,0.3,4,5,2,"1,3",NA,NA,NA,NA,NA,NA,NA,NA,NA,NA,NA,NA,NA,NA,NA,Mixed
R_3JEIbGiTk6KLvTk,6/7/2020 19:23,heisenburg,"1,2,3,4,5,6,7,8,9,10",lifesat,6.466864398,6.504414616,6.461430361,6.442078542,6.475901354,6.516969375,6.558467428,6.607316913,6.570484303,6.54538518,6.553683794,6.540211432,3,1,2,4,NA,2,NA,NA,NA,NA,NA,NA,NA,NA,NA,NA,NA,NA,NA,Data-Driven
R_3JEIbGiTk6KLvTk,6/7/2020 19:23,heisenburg,"1,2,3,4,5,6,7,8,9,10",posaffect,-0.873173682,-0.910349382,-1.217843669,-0.819901905,-0.997394541,-1.239215377,-0.775403768,-0.977202101,-1.242438419,-0.801102633,-0.970460188,-1.228454693,3,1,2,4,NA,2,NA,NA,NA,NA,NA,NA,NA,NA,NA,NA,NA,NA,NA,Data-Driven
R_3JEIbGiTk6KLvTk,6/7/2020 19:23,heisenburg,"1,2,3,4,5,6,7,8,9,10",negaffect,0.910343301,0.969367576,1.05153724,0.908505415,1.085153205,1.168368394,0.84180282,1.035452499,1.119925162,0.886814508,0.954954982,1.094869617,3,1,2,4,NA,2,NA,NA,NA,NA,NA,NA,NA,NA,NA,NA,NA,NA,NA,Data-Driven
R_3JEIbGiTk6KLvTk,6/7/2020 19:23,heisenburg,"1,2,3,4,5,6,7,8,9,10",ideolrep,37.7,37.82,37.47,37.82,38.39,39.6,40.81,42.07,41.29,41.27,39,37.75,3,1,2,4,NA,2,NA,NA,NA,NA,NA,NA,NA,NA,NA,NA,NA,NA,NA,Data-Driven
R_3JEIbGiTk6KLvTk,6/7/2020 19:23,heisenburg,"1,2,3,4,5,6,7,8,9,10",ideoldem,42.02,43.5,43.04,43.68,44.42,45.31,46.39,46.37,45.26,45.26,44.98,43.78,3,1,2,4,NA,2,NA,NA,NA,NA,NA,NA,NA,NA,NA,NA,NA,NA,NA,Data-Driven
R_3JEIbGiTk6KLvTk,6/7/2020 19:23,heisenburg,"1,2,3,4,5,6,7,8,9,10",polar,80.24174029,80.7775301,85.09134703,83.82331579,84.28443592,83.52094482,82.13165212,85.35223761,80.70364723,82.89639953,85.84834677,86.95055506,3,1,2,4,NA,2,NA,NA,NA,NA,NA,NA,NA,NA,NA,NA,NA,NA,NA,Data-Driven
R_3JEIbGiTk6KLvTk,6/7/2020 19:23,heisenburg,"1,2,3,4,5,6,7,8,9,10",iasian,0.383885582,0.38736627,0.392929882,0.381804989,0.374938465,0.406350078,0.395405334,0.364075598,0.365747359,0.401363096,0.399738615,0.382545292,3,1,2,4,NA,2,NA,NA,NA,NA,NA,NA,NA,NA,NA,NA,NA,NA,NA,Data-Driven
R_3JEIbGiTk6KLvTk,6/7/2020 19:23,heisenburg,"1,2,3,4,5,6,7,8,9,10",easian,-0.119958666,-0.032699172,-0.052320984,-0.060272824,-0.093413044,-0.046630526,-0.006919475,-0.065390885,-0.00985283,-0.051051269,-0.014881973,-0.022758481,3,1,2,4,NA,2,NA,NA,NA,NA,NA,NA,NA,NA,NA,NA,NA,NA,NA,Data-Driven
R_3JEIbGiTk6KLvTk,6/7/2020 19:23,heisenburg,"1,2,3,4,5,6,7,8,9,10",iafric,0.324263837,0.320148181,0.32415888,0.318068152,0.306658465,0.316859224,0.317172336,0.316648202,0.318990459,0.318005158,0.314800286,0.319540675,2,1,2,4,NA,2,NA,NA,NA,NA,NA,NA,NA,NA,NA,NA,NA,NA,NA,Data-Driven
R_3JEIbGiTk6KLvTk,6/7/2020 19:23,heisenburg,"1,2,3,4,5,6,7,8,9,10",eafric,-0.047,-0.015,-0.05,-0.091,-0.107,-0.085,-0.097,-0.076,-0.061,-0.061,-0.09,-0.085,2,1,2,4,NA,2,NA,NA,NA,NA,NA,NA,NA,NA,NA,NA,NA,NA,NA,Data-Driven
R_3JEIbGiTk6KLvTk,6/7/2020 19:23,heisenburg,"1,2,3,4,5,6,7,8,9,10",igend,0.348083466,0.360394944,0.362556204,0.378618488,0.347102969,0.357999886,0.359875656,0.351917322,0.345989652,0.355424961,0.360681217,0.361636145,2,1,2,4,NA,2,NA,NA,NA,NA,NA,NA,NA,NA,NA,NA,NA,NA,NA,Data-Driven
R_3JEIbGiTk6KLvTk,6/7/2020 19:23,heisenburg,"1,2,3,4,5,6,7,8,9,10",egend,0.792200085,0.854537673,0.851939563,0.812894592,0.772647057,0.81487281,0.792475746,0.762395095,0.685754666,0.740007489,0.756890284,0.827680076,2,1,2,4,NA,2,NA,NA,NA,NA,NA,NA,NA,NA,NA,NA,NA,NA,NA,Data-Driven
R_2sYluFkPNTpZKzL,6/7/2020 23:56,IPZ_predi,"3,4",ideolrep,39.62509537,41.63873291,41.64123154,41.64372635,41.64622498,41.6487236,41.65121841,41.65371704,41.62624741,41.62874222,41.63124084,41.63373947,5,9,1,"1,2,4",3,2,NA,NA,NA,NA,NA,NA,NA,NA,NA,NA,NA,NA,NA,Mixed
R_2sYluFkPNTpZKzL,6/7/2020 23:56,IPZ_predi,"3,4",ideoldem,45.66407776,44.43851089,44.58535385,44.73219681,44.87904358,45.02588654,45.17272949,45.31957245,43.70429611,43.85113907,43.99798203,44.14482498,5,9,1,"1,2,4",3,2,NA,NA,NA,NA,NA,NA,NA,NA,NA,NA,NA,NA,NA,Mixed
R_2sYluFkPNTpZKzL,6/7/2020 23:56,IPZ_predi,"3,4",polar,88.088,79.64797211,79.75145721,79.85494232,79.95843506,80.06192017,80.1654129,80.26889801,79.13053131,79.23401642,79.33750153,79.44099426,5,9,1,"1,4",4,2,NA,NA,NA,NA,NA,NA,NA,NA,NA,NA,NA,NA,NA,Mixed
R_1GxdcirtZvLpqZC,6/10/2020 13:53,WQXZ,"1,2,5,6,7,8,9,10",lifesat,6.4541,6.3856,6.3489,6.3686,6.3922,6.4137,6.441,6.4384,6.437,6.4788,6.4853,6.4773,4,1,2,4,NA,2,NA,NA,NA,NA,NA,NA,NA,NA,NA,NA,NA,NA,NA,Data-Driven
R_1GxdcirtZvLpqZC,6/10/2020 13:53,WQXZ,"1,2,5,6,7,8,9,10",posaffect,-0.97658,-1.2778,-0.81689,-0.99204,-1.3028,-0.81412,-0.99235,-1.2945,-0.83359,-1.0087,-1.3195,-0.83082,4,1,2,4,NA,2,NA,NA,NA,NA,NA,NA,NA,NA,NA,NA,NA,NA,NA,Data-Driven
R_1GxdcirtZvLpqZC,6/10/2020 13:53,WQXZ,"1,2,5,6,7,8,9,10",negaffect,0.85983,0.975389,1.16971,0.872371,0.985362,1.18584,0.870584,0.985562,1.18048,0.883144,0.99611,1.19661,4,1,2,4,NA,2,NA,NA,NA,NA,NA,NA,NA,NA,NA,NA,NA,NA,NA,Data-Driven
R_1GxdcirtZvLpqZC,6/10/2020 13:53,WQXZ,"1,2,5,6,7,8,9,10",iasian,0.38333,0.38333,0.38333,0.38333,0.38333,0.38333,0.38333,0.38333,0.38333,0.38333,0.38333,0.38333,4,1,2,4,NA,2,NA,NA,NA,NA,NA,NA,NA,NA,NA,NA,NA,NA,NA,Data-Driven
R_1GxdcirtZvLpqZC,6/10/2020 13:53,WQXZ,"1,2,5,6,7,8,9,10",easian,-0.019759,-0.019759,-0.019759,-0.019759,-0.019759,-0.019759,-0.019759,-0.019759,-0.019759,-0.019759,-0.019759,-0.019759,4,1,2,4,NA,2,NA,NA,NA,NA,NA,NA,NA,NA,NA,NA,NA,NA,NA,Data-Driven
R_1GxdcirtZvLpqZC,6/10/2020 13:53,WQXZ,"1,2,5,6,7,8,9,10",iafric,0.31716,0.31702,0.31695,0.31689,0.31683,0.31676,0.3167,0.31663,0.31657,0.31651,0.31644,0.31638,4,1,2,4,NA,2,NA,NA,NA,NA,NA,NA,NA,NA,NA,NA,NA,NA,NA,Data-Driven
R_1GxdcirtZvLpqZC,6/10/2020 13:53,WQXZ,"1,2,5,6,7,8,9,10",eafric,-0.073063,-0.074518,-0.075166,-0.075814,-0.076461,-0.077109,-0.077757,-0.078404,-0.079052,-0.079699,-0.080347,-0.080994,4,1,2,4,NA,2,NA,NA,NA,NA,NA,NA,NA,NA,NA,NA,NA,NA,NA,Data-Driven
R_1GxdcirtZvLpqZC,6/10/2020 13:53,WQXZ,"1,2,5,6,7,8,9,10",igend,0.36254,0.36278,0.36217,0.36141,0.36067,0.3601,0.35984,0.35992,0.36028,0.3608,0.3613,0.36162,4,1,2,4,NA,2,NA,NA,NA,NA,NA,NA,NA,NA,NA,NA,NA,NA,NA,Data-Driven
R_1GxdcirtZvLpqZC,6/10/2020 13:53,WQXZ,"1,2,5,6,7,8,9,10",egend,0.79581,0.80758,0.80668,0.79285,0.78901,0.7767,0.75991,0.75117,0.76109,0.77063,0.78902,0.78173,4,1,2,4,NA,2,NA,NA,NA,NA,NA,NA,NA,NA,NA,NA,NA,NA,NA,Data-Driven
R_2ONDFMm1XxxTKei,6/11/2020 2:03,HSCNAC,"4,7",polar,79.8,83.4,82.2,81.5,81.1,83,88,84.4,82.3,80,81.4,78.6,3,4,1,"1,2",NA,2,NA,NA,NA,NA,NA,NA,NA,NA,NA,NA,NA,NA,NA,Intuition/Theory
R_2ONDFMm1XxxTKei,6/11/2020 2:03,HSCNAC,"4,7",iafric,0.32,0.35,0.34,0.32,0.32,0.32,0.33,0.32,0.32,0.32,0.32,0.31,2,4,1,1,NA,2,NA,NA,NA,NA,NA,NA,NA,NA,NA,NA,NA,NA,NA,Intuition/Theory
R_3xSl0TOpZc67Tpv,6/21/2020 8:48,Team29,"1,2,3,4,5,6,7,8,9,10",lifesat,6,6.05,6.1,6.15,6.2,6.25,6.3,6.35,6.4,6.45,6.5,6.55,4,4,2,"1,5",1,2,NA,NA,NA,NA,NA,NA,NA,NA,NA,NA,NA,NA,NA,Mixed
R_3xSl0TOpZc67Tpv,6/21/2020 8:48,Team29,"1,2,3,4,5,6,7,8,9,10",posaffect,-1,-1,-1,-1,-1,-1,-1,-1,-1,-1,-1,-1,5,5,1,1,NA,2,NA,NA,NA,NA,NA,NA,NA,NA,NA,NA,NA,NA,NA,Intuition/Theory
R_3xSl0TOpZc67Tpv,6/21/2020 8:48,Team29,"1,2,3,4,5,6,7,8,9,10",negaffect,1,1,1,1,1,1,1,1,1,1,1,1,5,5,1,1,NA,2,NA,NA,NA,NA,NA,NA,NA,NA,NA,NA,NA,NA,NA,Intuition/Theory
R_3xSl0TOpZc67Tpv,6/21/2020 8:48,Team29,"1,2,3,4,5,6,7,8,9,10",ideolrep,35,37,39,41,43,45,47,49,50,50,50,50,3,4,1,1,NA,2,NA,NA,NA,NA,NA,NA,NA,NA,NA,NA,NA,NA,NA,Intuition/Theory
R_3xSl0TOpZc67Tpv,6/21/2020 8:48,Team29,"1,2,3,4,5,6,7,8,9,10",ideoldem,43,44,45,46,47,48,49,50,50,50,50,50,3,4,1,1,NA,2,NA,NA,NA,NA,NA,NA,NA,NA,NA,NA,NA,NA,NA,Intuition/Theory
R_3xSl0TOpZc67Tpv,6/21/2020 8:48,Team29,"1,2,3,4,5,6,7,8,9,10",polar,82,83,84,85,86,87,88,90,90,90,90,90,4,4,2,1,NA,2,NA,NA,NA,NA,NA,NA,NA,NA,NA,NA,NA,NA,NA,Intuition/Theory
R_3xSl0TOpZc67Tpv,6/21/2020 8:48,Team29,"1,2,3,4,5,6,7,8,9,10",iasian,0.4,0.4,0.4,0.4,0.4,0.4,0.4,0.4,0.4,0.4,0.4,0.4,3,4,2,1,NA,2,NA,NA,NA,NA,NA,NA,NA,NA,NA,NA,NA,NA,NA,Intuition/Theory
R_3xSl0TOpZc67Tpv,6/21/2020 8:48,Team29,"1,2,3,4,5,6,7,8,9,10",easian,0,0,0,0,0,0,0,0,0,0,0,0,4,4,2,1,NA,2,NA,NA,NA,NA,NA,NA,NA,NA,NA,NA,NA,NA,NA,Intuition/Theory
R_3xSl0TOpZc67Tpv,6/21/2020 8:48,Team29,"1,2,3,4,5,6,7,8,9,10",iafric,0.32,0.32,0.32,0.32,0.32,0.32,0.32,0.32,0.32,0.32,0.32,0.32,3,4,2,1,NA,2,NA,NA,NA,NA,NA,NA,NA,NA,NA,NA,NA,NA,NA,Intuition/Theory
R_3xSl0TOpZc67Tpv,6/21/2020 8:48,Team29,"1,2,3,4,5,6,7,8,9,10",eafric,-0.05,-0.05,-0.05,-0.05,-0.05,-0.05,-0.05,-0.05,-0.05,-0.05,-0.05,-0.05,3,4,2,1,NA,2,NA,NA,NA,NA,NA,NA,NA,NA,NA,NA,NA,NA,NA,Intuition/Theory
R_3xSl0TOpZc67Tpv,6/21/2020 8:48,Team29,"1,2,3,4,5,6,7,8,9,10",igend,0.36,0.36,0.36,0.36,0.36,0.36,0.36,0.36,0.36,0.36,0.36,0.36,5,6,1,1,NA,2,NA,NA,NA,NA,NA,NA,NA,NA,NA,NA,NA,NA,NA,Intuition/Theory
R_3xSl0TOpZc67Tpv,6/21/2020 8:48,Team29,"1,2,3,4,5,6,7,8,9,10",egend,0.8,0.8,0.8,0.8,0.8,0.8,0.8,0.8,0.8,0.8,0.8,0.8,4,5,1,1,NA,2,NA,NA,NA,NA,NA,NA,NA,NA,NA,NA,NA,NA,NA,Intuition/Theory
R_1I71SVFA41n6gY1,6/21/2020 10:05,TeamKL,"1,2,7,8,9,10",lifesat,6.4,6.6,7,7,6.8,6.5,6.5,6.5,6.2,6.3,6.8,6.8,5,5,2,"1,5",NA,1,5,NA,NA,NA,NA,NA,NA,NA,NA,NA,NA,NA,NA,Mixed
R_1I71SVFA41n6gY1,6/21/2020 10:05,TeamKL,"1,2,7,8,9,10",posaffect,-1.2,-1.2,-1.2,-1.2,-1.1,-1.1,-1.1,-1.1,-1.05,-1.05,-1.1,-1.1,4,5,2,1,NA,2,NA,NA,NA,NA,NA,NA,NA,NA,NA,NA,NA,NA,NA,Intuition/Theory
R_1I71SVFA41n6gY1,6/21/2020 10:05,TeamKL,"1,2,7,8,9,10",negaffect,1.4,1.3,1.3,1.3,1.2,1.1,1,1,0.8,0.8,0.8,0.8,4,5,2,1,NA,2,NA,NA,NA,NA,NA,NA,NA,NA,NA,NA,NA,NA,NA,Intuition/Theory
R_1I71SVFA41n6gY1,6/21/2020 10:05,TeamKL,"1,2,7,8,9,10",iafric,0.33,0.34,0.33,0.32,0.34,0.34,0.32,0.31,0.31,0.32,0.33,0.34,4,5,2,5,NA,2,NA,NA,NA,NA,NA,NA,NA,NA,NA,NA,NA,NA,NA,Data-Driven
R_1I71SVFA41n6gY1,6/21/2020 10:05,TeamKL,"1,2,7,8,9,10",eafric,0.09,0.09,0.08,0.08,0.09,0.09,0.07,0.08,0.09,0.05,0.1,0.09,2,4,2,1,NA,NA,NA,NA,NA,NA,NA,NA,NA,NA,NA,NA,NA,NA,NA,Intuition/Theory
R_1I71SVFA41n6gY1,6/21/2020 10:05,TeamKL,"1,2,7,8,9,10",igend,0.37,0.38,0.36,0.39,0.35,0.36,0.35,0.36,0.35,0.36,0.39,0.35,3,4,2,1,NA,2,NA,NA,NA,NA,NA,NA,NA,NA,NA,NA,NA,NA,NA,Intuition/Theory
R_1I71SVFA41n6gY1,6/21/2020 10:05,TeamKL,"1,2,7,8,9,10",egend,0.85,0.83,0.87,0.88,0.85,0.84,0.88,0.87,0.82,0.81,0.85,0.85,4,5,2,1,NA,2,NA,NA,NA,NA,NA,NA,NA,NA,NA,NA,NA,NA,NA,Intuition/Theory
R_1lAiJd5g1gUzpjd,8/4/2020 2:47,Average Joes,3,ideolrep,36.7,36.7,36.7,36.7,36.7,36.7,36.7,36.7,36.7,36.7,36.7,36.7,1,1,2,1,NA,2,NA,NA,NA,NA,NA,NA,NA,NA,NA,NA,NA,NA,NA,Intuition/Theory
R_1lAiJd5g1gUzpjd,8/4/2020 2:47,Average Joes,3,ideoldem,43.3,43.3,43.3,43.3,43.3,43.3,43.3,43.3,43.3,43.3,43.3,43.4,1,1,2,1,NA,2,NA,NA,NA,NA,NA,NA,NA,NA,NA,NA,NA,NA,NA,Intuition/Theory
